Organism,Resistance_Type,Age_Category,Year,HIC_Rate_%,LMIC_Rate_%,HIC_N_Isolates,LMIC_N_Isolates,HIC_N_Countries,LMIC_N_Countries,Equity_Gap_%
Klebsiella pneumoniae,MDR,All,2004,12.32,,284,0,8,0,
Klebsiella pneumoniae,MDR,All,2005,16.4,38.46,311,13,6,1,22.06
Klebsiella pneumoniae,MDR,All,2006,25.14,37.84,370,37,12,3,12.7
Klebsiella pneumoniae,MDR,All,2007,20.72,58.0,555,50,15,4,37.28
Klebsiella pneumoniae,MDR,All,2008,25.74,56.3,404,119,12,6,30.56
Klebsiella pneumoniae,MDR,All,2009,30.75,51.02,478,98,14,4,20.27
Klebsiella pneumoniae,MDR,All,2010,34.41,51.72,372,29,12,1,17.31
Klebsiella pneumoniae,MDR,All,2011,21.93,,301,0,6,0,
Klebsiella pneumoniae,MDR,All,2012,24.92,,305,0,7,0,
Klebsiella pneumoniae,MDR,All,2013,21.55,,362,0,10,0,
Klebsiella pneumoniae,MDR,All,2014,28.13,66.67,487,12,14,1,38.54
Klebsiella pneumoniae,MDR,All,2015,28.84,53.0,430,100,13,6,24.16
Klebsiella pneumoniae,MDR,All,2016,30.84,44.54,454,119,16,5,13.7
Klebsiella pneumoniae,MDR,All,2017,36.72,58.14,384,129,13,6,21.42
Klebsiella pneumoniae,MDR,All,2018,50.64,78.65,312,178,12,10,28.01
Klebsiella pneumoniae,MDR,All,2019,48.38,78.89,556,360,21,15,30.51
Klebsiella pneumoniae,MDR,All,2020,48.93,72.53,609,375,23,15,23.6
Klebsiella pneumoniae,MDR,All,2021,49.19,82.91,679,392,23,16,33.72
Klebsiella pneumoniae,MDR,All,2022,44.24,65.57,651,305,20,13,21.33
Klebsiella pneumoniae,MDR,All,2023,50.82,74.87,610,191,20,9,24.05
Klebsiella pneumoniae,MDR,All,2024,49.69,69.3,648,355,21,15,19.61
Klebsiella pneumoniae,MDR,Pediatric,2004,7.41,,27,0,1,0,
Klebsiella pneumoniae,MDR,Pediatric,2005,7.5,,40,0,1,0,
Klebsiella pneumoniae,MDR,Pediatric,2006,12.5,,16,0,1,0,
Klebsiella pneumoniae,MDR,Pediatric,2007,10.64,59.26,47,27,2,2,48.62
Klebsiella pneumoniae,MDR,Pediatric,2008,0.0,68.97,28,29,2,2,68.97
Klebsiella pneumoniae,MDR,Pediatric,2009,12.5,55.26,24,38,2,2,42.76
Klebsiella pneumoniae,MDR,Pediatric,2010,26.09,,23,0,2,0,
Klebsiella pneumoniae,MDR,Pediatric,2011,5.0,,20,0,1,0,
Klebsiella pneumoniae,MDR,Pediatric,2012,10.53,,19,0,1,0,
Klebsiella pneumoniae,MDR,Pediatric,2013,16.67,,12,0,1,0,
Klebsiella pneumoniae,MDR,Pediatric,2014,26.92,,26,0,2,0,
Klebsiella pneumoniae,MDR,Pediatric,2015,,46.67,0,15,0,1,
Klebsiella pneumoniae,MDR,Pediatric,2016,0.0,45.45,12,33,1,2,45.45
Klebsiella pneumoniae,MDR,Pediatric,2017,,76.92,0,39,0,2,
Klebsiella pneumoniae,MDR,Pediatric,2018,,95.0,0,40,0,3,
Klebsiella pneumoniae,MDR,Pediatric,2019,,85.56,0,90,0,5,
Klebsiella pneumoniae,MDR,Pediatric,2020,,81.52,0,92,0,7,
Klebsiella pneumoniae,MDR,Pediatric,2021,20.0,90.0,10,150,1,7,70.0
Klebsiella pneumoniae,MDR,Pediatric,2022,,90.0,0,20,0,2,
Klebsiella pneumoniae,MDR,Pediatric,2024,,87.6,0,121,0,6,
Klebsiella pneumoniae,MDR,Elderly,2004,12.45,,257,0,8,0,
Klebsiella pneumoniae,MDR,Elderly,2005,17.71,30.77,271,13,6,1,13.06
Klebsiella pneumoniae,MDR,Elderly,2006,25.71,37.84,354,37,12,3,12.13
Klebsiella pneumoniae,MDR,Elderly,2007,21.46,47.83,508,23,15,2,26.37
Klebsiella pneumoniae,MDR,Elderly,2008,27.13,52.22,376,90,12,5,25.09
Klebsiella pneumoniae,MDR,Elderly,2009,31.5,48.33,454,60,14,4,16.83
Klebsiella pneumoniae,MDR,Elderly,2010,34.96,48.28,349,29,12,1,13.32
Klebsiella pneumoniae,MDR,Elderly,2011,22.78,,281,0,6,0,
Klebsiella pneumoniae,MDR,Elderly,2012,25.52,,286,0,7,0,
Klebsiella pneumoniae,MDR,Elderly,2013,21.43,,350,0,10,0,
Klebsiella pneumoniae,MDR,Elderly,2014,27.98,66.67,461,12,14,1,38.69
Klebsiella pneumoniae,MDR,Elderly,2015,28.84,54.12,430,85,13,5,25.28
Klebsiella pneumoniae,MDR,Elderly,2016,31.45,43.02,442,86,16,5,11.57
Klebsiella pneumoniae,MDR,Elderly,2017,36.46,48.89,384,90,13,5,12.43
Klebsiella pneumoniae,MDR,Elderly,2018,50.64,73.91,312,138,12,7,23.27
Klebsiella pneumoniae,MDR,Elderly,2019,48.2,76.67,556,270,21,13,28.47
Klebsiella pneumoniae,MDR,Elderly,2020,48.77,68.9,609,283,23,12,20.13
Klebsiella pneumoniae,MDR,Elderly,2021,49.63,78.1,669,242,23,12,28.47
Klebsiella pneumoniae,MDR,Elderly,2022,44.24,63.86,651,285,20,11,19.62
Klebsiella pneumoniae,MDR,Elderly,2023,50.66,74.35,610,191,20,9,23.69
Klebsiella pneumoniae,MDR,Elderly,2024,49.54,59.83,648,234,21,10,10.29
Klebsiella pneumoniae,XDR,All,2004,8.45,,284,0,8,0,
Klebsiella pneumoniae,XDR,All,2005,8.04,15.38,311,13,6,1,7.34
Klebsiella pneumoniae,XDR,All,2006,16.22,29.73,370,37,12,3,13.51
Klebsiella pneumoniae,XDR,All,2007,11.89,44.0,555,50,15,4,32.11
Klebsiella pneumoniae,XDR,All,2008,15.84,36.13,404,119,12,6,20.29
Klebsiella pneumoniae,XDR,All,2009,21.76,33.67,478,98,14,4,11.91
Klebsiella pneumoniae,XDR,All,2010,20.16,41.38,372,29,12,1,21.22
Klebsiella pneumoniae,XDR,All,2011,15.28,,301,0,6,0,
Klebsiella pneumoniae,XDR,All,2012,12.46,,305,0,7,0,
Klebsiella pneumoniae,XDR,All,2013,11.33,,362,0,10,0,
Klebsiella pneumoniae,XDR,All,2014,14.58,41.67,487,12,14,1,27.09
Klebsiella pneumoniae,XDR,All,2015,13.02,19.0,430,100,13,6,5.98
Klebsiella pneumoniae,XDR,All,2016,15.64,13.45,454,119,16,5,-2.19
Klebsiella pneumoniae,XDR,All,2017,15.62,17.05,384,129,13,6,1.43
Klebsiella pneumoniae,XDR,All,2018,22.44,56.18,312,178,12,10,33.74
Klebsiella pneumoniae,XDR,All,2019,21.94,44.44,556,360,21,15,22.5
Klebsiella pneumoniae,XDR,All,2020,20.36,47.73,609,375,23,15,27.37
Klebsiella pneumoniae,XDR,All,2021,21.21,55.61,679,392,23,16,34.4
Klebsiella pneumoniae,XDR,All,2022,16.9,41.64,651,305,20,13,24.74
Klebsiella pneumoniae,XDR,All,2023,19.84,45.55,610,191,20,9,25.71
Klebsiella pneumoniae,XDR,All,2024,21.3,45.35,648,355,21,15,24.05
Klebsiella pneumoniae,XDR,Pediatric,2004,0.0,,27,0,1,0,
Klebsiella pneumoniae,XDR,Pediatric,2005,2.5,,40,0,1,0,
Klebsiella pneumoniae,XDR,Pediatric,2006,0.0,,16,0,1,0,
Klebsiella pneumoniae,XDR,Pediatric,2007,4.26,40.74,47,27,2,2,36.48
Klebsiella pneumoniae,XDR,Pediatric,2008,0.0,37.93,28,29,2,2,37.93
Klebsiella pneumoniae,XDR,Pediatric,2009,0.0,31.58,24,38,2,2,31.58
Klebsiella pneumoniae,XDR,Pediatric,2010,8.7,,23,0,2,0,
Klebsiella pneumoniae,XDR,Pediatric,2011,0.0,,20,0,1,0,
Klebsiella pneumoniae,XDR,Pediatric,2012,0.0,,19,0,1,0,
Klebsiella pneumoniae,XDR,Pediatric,2013,0.0,,12,0,1,0,
Klebsiella pneumoniae,XDR,Pediatric,2014,23.08,,26,0,2,0,
Klebsiella pneumoniae,XDR,Pediatric,2015,,6.67,0,15,0,1,
Klebsiella pneumoniae,XDR,Pediatric,2016,0.0,9.09,12,33,1,2,9.09
Klebsiella pneumoniae,XDR,Pediatric,2017,,7.69,0,39,0,2,
Klebsiella pneumoniae,XDR,Pediatric,2018,,75.0,0,40,0,3,
Klebsiella pneumoniae,XDR,Pediatric,2019,,36.67,0,90,0,5,
Klebsiella pneumoniae,XDR,Pediatric,2020,,43.48,0,92,0,7,
Klebsiella pneumoniae,XDR,Pediatric,2021,0.0,61.33,10,150,1,7,61.33
Klebsiella pneumoniae,XDR,Pediatric,2022,,50.0,0,20,0,2,
Klebsiella pneumoniae,XDR,Pediatric,2024,,53.72,0,121,0,6,
Klebsiella pneumoniae,XDR,Elderly,2004,8.56,,257,0,8,0,
Klebsiella pneumoniae,XDR,Elderly,2005,8.86,7.69,271,13,6,1,-1.17
Klebsiella pneumoniae,XDR,Elderly,2006,16.95,27.03,354,37,12,3,10.08
Klebsiella pneumoniae,XDR,Elderly,2007,12.4,43.48,508,23,15,2,31.08
Klebsiella pneumoniae,XDR,Elderly,2008,17.02,34.44,376,90,12,5,17.42
Klebsiella pneumoniae,XDR,Elderly,2009,22.69,33.33,454,60,14,4,10.64
Klebsiella pneumoniae,XDR,Elderly,2010,20.63,41.38,349,29,12,1,20.75
Klebsiella pneumoniae,XDR,Elderly,2011,16.01,,281,0,6,0,
Klebsiella pneumoniae,XDR,Elderly,2012,13.29,,286,0,7,0,
Klebsiella pneumoniae,XDR,Elderly,2013,11.14,,350,0,10,0,
Klebsiella pneumoniae,XDR,Elderly,2014,13.88,41.67,461,12,14,1,27.79
Klebsiella pneumoniae,XDR,Elderly,2015,13.02,21.18,430,85,13,5,8.16
Klebsiella pneumoniae,XDR,Elderly,2016,16.06,13.95,442,86,16,5,-2.11
Klebsiella pneumoniae,XDR,Elderly,2017,15.62,21.11,384,90,13,5,5.49
Klebsiella pneumoniae,XDR,Elderly,2018,22.44,50.0,312,138,12,7,27.56
Klebsiella pneumoniae,XDR,Elderly,2019,21.76,46.67,556,270,21,13,24.91
Klebsiella pneumoniae,XDR,Elderly,2020,20.2,49.12,609,283,23,12,28.92
Klebsiella pneumoniae,XDR,Elderly,2021,21.52,52.07,669,242,23,12,30.55
Klebsiella pneumoniae,XDR,Elderly,2022,16.9,41.05,651,285,20,11,24.15
Klebsiella pneumoniae,XDR,Elderly,2023,19.67,45.55,610,191,20,9,25.88
Klebsiella pneumoniae,XDR,Elderly,2024,21.3,40.17,648,234,21,10,18.87
Klebsiella pneumoniae,PDR,All,2004,0.7,,284,0,8,0,
Klebsiella pneumoniae,PDR,All,2005,0.96,0.0,311,13,6,1,-0.96
Klebsiella pneumoniae,PDR,All,2006,2.16,0.0,370,37,12,3,-2.16
Klebsiella pneumoniae,PDR,All,2007,2.16,0.0,555,50,15,4,-2.16
Klebsiella pneumoniae,PDR,All,2008,2.72,6.72,404,119,12,6,4.0
Klebsiella pneumoniae,PDR,All,2009,2.51,3.06,478,98,14,4,0.55
Klebsiella pneumoniae,PDR,All,2010,2.42,6.9,372,29,12,1,4.48
Klebsiella pneumoniae,PDR,All,2011,2.33,,301,0,6,0,
Klebsiella pneumoniae,PDR,All,2012,1.31,,305,0,7,0,
Klebsiella pneumoniae,PDR,All,2013,1.66,,362,0,10,0,
Klebsiella pneumoniae,PDR,All,2014,1.23,0.0,487,12,14,1,-1.23
Klebsiella pneumoniae,PDR,All,2015,1.16,4.0,430,100,13,6,2.84
Klebsiella pneumoniae,PDR,All,2016,2.2,0.0,454,119,16,5,-2.2
Klebsiella pneumoniae,PDR,All,2017,1.04,0.78,384,129,13,6,-0.26
Klebsiella pneumoniae,PDR,All,2018,0.0,0.0,312,178,12,10,0.0
Klebsiella pneumoniae,PDR,All,2019,0.36,1.11,556,360,21,15,0.75
Klebsiella pneumoniae,PDR,All,2020,0.49,2.13,609,375,23,15,1.64
Klebsiella pneumoniae,PDR,All,2021,0.44,0.77,679,392,23,16,0.33
Klebsiella pneumoniae,PDR,All,2022,0.31,2.62,651,305,20,13,2.31
Klebsiella pneumoniae,PDR,All,2023,0.0,2.62,610,191,20,9,2.62
Klebsiella pneumoniae,PDR,All,2024,0.31,0.28,648,355,21,15,-0.03
Klebsiella pneumoniae,PDR,Pediatric,2004,0.0,,27,0,1,0,
Klebsiella pneumoniae,PDR,Pediatric,2005,0.0,,40,0,1,0,
Klebsiella pneumoniae,PDR,Pediatric,2006,0.0,,16,0,1,0,
Klebsiella pneumoniae,PDR,Pediatric,2007,0.0,0.0,47,27,2,2,0.0
Klebsiella pneumoniae,PDR,Pediatric,2008,0.0,3.45,28,29,2,2,3.45
Klebsiella pneumoniae,PDR,Pediatric,2009,0.0,7.89,24,38,2,2,7.89
Klebsiella pneumoniae,PDR,Pediatric,2010,0.0,,23,0,2,0,
Klebsiella pneumoniae,PDR,Pediatric,2011,0.0,,20,0,1,0,
Klebsiella pneumoniae,PDR,Pediatric,2012,0.0,,19,0,1,0,
Klebsiella pneumoniae,PDR,Pediatric,2013,0.0,,12,0,1,0,
Klebsiella pneumoniae,PDR,Pediatric,2014,0.0,,26,0,2,0,
Klebsiella pneumoniae,PDR,Pediatric,2015,,0.0,0,15,0,1,
Klebsiella pneumoniae,PDR,Pediatric,2016,0.0,0.0,12,33,1,2,0.0
Klebsiella pneumoniae,PDR,Pediatric,2017,,0.0,0,39,0,2,
Klebsiella pneumoniae,PDR,Pediatric,2018,,0.0,0,40,0,3,
Klebsiella pneumoniae,PDR,Pediatric,2019,,0.0,0,90,0,5,
Klebsiella pneumoniae,PDR,Pediatric,2020,,3.26,0,92,0,7,
Klebsiella pneumoniae,PDR,Pediatric,2021,0.0,0.0,10,150,1,7,0.0
Klebsiella pneumoniae,PDR,Pediatric,2022,,5.0,0,20,0,2,
Klebsiella pneumoniae,PDR,Pediatric,2024,,0.0,0,121,0,6,
Klebsiella pneumoniae,PDR,Elderly,2004,0.39,,257,0,8,0,
Klebsiella pneumoniae,PDR,Elderly,2005,0.74,0.0,271,13,6,1,-0.74
Klebsiella pneumoniae,PDR,Elderly,2006,1.98,0.0,354,37,12,3,-1.98
Klebsiella pneumoniae,PDR,Elderly,2007,2.17,0.0,508,23,15,2,-2.17
Klebsiella pneumoniae,PDR,Elderly,2008,2.93,7.78,376,90,12,5,4.85
Klebsiella pneumoniae,PDR,Elderly,2009,2.64,0.0,454,60,14,4,-2.64
Klebsiella pneumoniae,PDR,Elderly,2010,2.29,6.9,349,29,12,1,4.61
Klebsiella pneumoniae,PDR,Elderly,2011,2.49,,281,0,6,0,
Klebsiella pneumoniae,PDR,Elderly,2012,1.05,,286,0,7,0,
Klebsiella pneumoniae,PDR,Elderly,2013,1.43,,350,0,10,0,
Klebsiella pneumoniae,PDR,Elderly,2014,1.3,0.0,461,12,14,1,-1.3
Klebsiella pneumoniae,PDR,Elderly,2015,1.16,4.71,430,85,13,5,3.55
Klebsiella pneumoniae,PDR,Elderly,2016,2.04,0.0,442,86,16,5,-2.04
Klebsiella pneumoniae,PDR,Elderly,2017,1.04,0.0,384,90,13,5,-1.04
Klebsiella pneumoniae,PDR,Elderly,2018,0.0,0.0,312,138,12,7,0.0
Klebsiella pneumoniae,PDR,Elderly,2019,0.18,0.74,556,270,21,13,0.56
Klebsiella pneumoniae,PDR,Elderly,2020,0.49,1.77,609,283,23,12,1.28
Klebsiella pneumoniae,PDR,Elderly,2021,0.3,1.24,669,242,23,12,0.94
Klebsiella pneumoniae,PDR,Elderly,2022,0.31,2.11,651,285,20,11,1.8
Klebsiella pneumoniae,PDR,Elderly,2023,0.0,2.09,610,191,20,9,2.09
Klebsiella pneumoniae,PDR,Elderly,2024,0.15,0.43,648,234,21,10,0.28
Acinetobacter baumannii,MDR,All,2004,44.71,,85,0,2,0,
Acinetobacter baumannii,MDR,All,2005,38.03,,71,0,1,0,
Acinetobacter baumannii,MDR,All,2006,53.73,,67,0,2,0,
Acinetobacter baumannii,MDR,All,2007,59.09,,110,0,4,0,
Acinetobacter baumannii,MDR,All,2008,64.77,90.0,88,50,6,3,25.23
Acinetobacter baumannii,MDR,All,2009,70.53,68.18,95,22,7,2,-2.35
Acinetobacter baumannii,MDR,All,2010,70.13,92.86,77,14,5,1,22.73
Acinetobacter baumannii,MDR,All,2011,59.65,,57,0,4,0,
Acinetobacter baumannii,MDR,All,2012,78.79,,33,0,3,0,
Acinetobacter baumannii,MDR,All,2013,82.46,,57,0,3,0,
Acinetobacter baumannii,MDR,All,2014,98.08,,52,0,2,0,
Acinetobacter baumannii,MDR,All,2015,80.0,,20,0,1,0,
Acinetobacter baumannii,MDR,All,2016,81.82,,11,0,1,0,
Acinetobacter baumannii,MDR,All,2018,80.0,77.42,10,31,1,3,-2.58
Acinetobacter baumannii,MDR,All,2019,89.61,87.06,77,85,5,4,-2.55
Acinetobacter baumannii,MDR,All,2020,83.33,88.16,90,76,7,5,4.83
Acinetobacter baumannii,MDR,All,2021,79.55,88.51,88,87,6,5,8.96
Acinetobacter baumannii,MDR,All,2022,84.16,94.52,101,73,5,4,10.36
Acinetobacter baumannii,MDR,All,2023,81.63,93.48,49,46,2,3,11.85
Acinetobacter baumannii,MDR,All,2024,100.0,91.18,15,34,1,2,-8.82
Acinetobacter baumannii,MDR,Pediatric,2004,20.0,,10,0,1,0,
Acinetobacter baumannii,MDR,Pediatric,2005,13.64,,22,0,1,0,
Acinetobacter baumannii,MDR,Pediatric,2007,18.18,,11,0,1,0,
Acinetobacter baumannii,MDR,Pediatric,2009,,36.36,0,11,0,1,
Acinetobacter baumannii,MDR,Pediatric,2018,,40.0,0,10,0,1,
Acinetobacter baumannii,MDR,Pediatric,2019,,78.57,0,14,0,1,
Acinetobacter baumannii,MDR,Elderly,2004,48.0,,75,0,2,0,
Acinetobacter baumannii,MDR,Elderly,2005,46.94,,49,0,1,0,
Acinetobacter baumannii,MDR,Elderly,2006,52.24,,67,0,2,0,
Acinetobacter baumannii,MDR,Elderly,2007,61.62,,99,0,4,0,
Acinetobacter baumannii,MDR,Elderly,2008,64.77,88.0,88,50,6,3,23.23
Acinetobacter baumannii,MDR,Elderly,2009,69.47,90.91,95,11,7,1,21.44
Acinetobacter baumannii,MDR,Elderly,2010,70.13,92.86,77,14,5,1,22.73
Acinetobacter baumannii,MDR,Elderly,2011,57.89,,57,0,4,0,
Acinetobacter baumannii,MDR,Elderly,2012,75.76,,33,0,3,0,
Acinetobacter baumannii,MDR,Elderly,2013,80.7,,57,0,3,0,
Acinetobacter baumannii,MDR,Elderly,2014,98.08,,52,0,2,0,
Acinetobacter baumannii,MDR,Elderly,2015,80.0,,20,0,1,0,
Acinetobacter baumannii,MDR,Elderly,2016,81.82,,11,0,1,0,
Acinetobacter baumannii,MDR,Elderly,2018,80.0,95.24,10,21,1,2,15.24
Acinetobacter baumannii,MDR,Elderly,2019,89.61,87.32,77,71,5,4,-2.29
Acinetobacter baumannii,MDR,Elderly,2020,82.22,86.84,90,76,7,5,4.62
Acinetobacter baumannii,MDR,Elderly,2021,78.41,87.36,88,87,6,5,8.95
Acinetobacter baumannii,MDR,Elderly,2022,83.17,94.52,101,73,5,4,11.35
Acinetobacter baumannii,MDR,Elderly,2023,81.63,91.3,49,46,2,3,9.67
Acinetobacter baumannii,MDR,Elderly,2024,100.0,88.24,15,34,1,2,-11.76
Acinetobacter baumannii,XDR,All,2004,31.76,,85,0,2,0,
Acinetobacter baumannii,XDR,All,2005,28.17,,71,0,1,0,
Acinetobacter baumannii,XDR,All,2006,43.28,,67,0,2,0,
Acinetobacter baumannii,XDR,All,2007,45.45,,110,0,4,0,
Acinetobacter baumannii,XDR,All,2008,62.5,90.0,88,50,6,3,27.5
Acinetobacter baumannii,XDR,All,2009,65.26,59.09,95,22,7,2,-6.17
Acinetobacter baumannii,XDR,All,2010,61.04,92.86,77,14,5,1,31.82
Acinetobacter baumannii,XDR,All,2011,50.88,,57,0,4,0,
Acinetobacter baumannii,XDR,All,2012,75.76,,33,0,3,0,
Acinetobacter baumannii,XDR,All,2013,78.95,,57,0,3,0,
Acinetobacter baumannii,XDR,All,2014,96.15,,52,0,2,0,
Acinetobacter baumannii,XDR,All,2015,80.0,,20,0,1,0,
Acinetobacter baumannii,XDR,All,2016,81.82,,11,0,1,0,
Acinetobacter baumannii,XDR,All,2018,80.0,77.42,10,31,1,3,-2.58
Acinetobacter baumannii,XDR,All,2019,88.31,87.06,77,85,5,4,-1.25
Acinetobacter baumannii,XDR,All,2020,82.22,88.16,90,76,7,5,5.94
Acinetobacter baumannii,XDR,All,2021,71.59,87.36,88,87,6,5,15.77
Acinetobacter baumannii,XDR,All,2022,81.19,94.52,101,73,5,4,13.33
Acinetobacter baumannii,XDR,All,2023,81.63,89.13,49,46,2,3,7.5
Acinetobacter baumannii,XDR,All,2024,100.0,91.18,15,34,1,2,-8.82
Acinetobacter baumannii,XDR,Pediatric,2004,0.0,,10,0,1,0,
Acinetobacter baumannii,XDR,Pediatric,2005,13.64,,22,0,1,0,
Acinetobacter baumannii,XDR,Pediatric,2007,9.09,,11,0,1,0,
Acinetobacter baumannii,XDR,Pediatric,2009,,27.27,0,11,0,1,
Acinetobacter baumannii,XDR,Pediatric,2018,,40.0,0,10,0,1,
Acinetobacter baumannii,XDR,Pediatric,2019,,78.57,0,14,0,1,
Acinetobacter baumannii,XDR,Elderly,2004,34.67,,75,0,2,0,
Acinetobacter baumannii,XDR,Elderly,2005,32.65,,49,0,1,0,
Acinetobacter baumannii,XDR,Elderly,2006,41.79,,67,0,2,0,
Acinetobacter baumannii,XDR,Elderly,2007,47.47,,99,0,4,0,
Acinetobacter baumannii,XDR,Elderly,2008,62.5,88.0,88,50,6,3,25.5
Acinetobacter baumannii,XDR,Elderly,2009,65.26,81.82,95,11,7,1,16.56
Acinetobacter baumannii,XDR,Elderly,2010,59.74,92.86,77,14,5,1,33.12
Acinetobacter baumannii,XDR,Elderly,2011,50.88,,57,0,4,0,
Acinetobacter baumannii,XDR,Elderly,2012,72.73,,33,0,3,0,
Acinetobacter baumannii,XDR,Elderly,2013,77.19,,57,0,3,0,
Acinetobacter baumannii,XDR,Elderly,2014,96.15,,52,0,2,0,
Acinetobacter baumannii,XDR,Elderly,2015,80.0,,20,0,1,0,
Acinetobacter baumannii,XDR,Elderly,2016,81.82,,11,0,1,0,
Acinetobacter baumannii,XDR,Elderly,2018,80.0,95.24,10,21,1,2,15.24
Acinetobacter baumannii,XDR,Elderly,2019,88.31,87.32,77,71,5,4,-0.99
Acinetobacter baumannii,XDR,Elderly,2020,81.11,86.84,90,76,7,5,5.73
Acinetobacter baumannii,XDR,Elderly,2021,71.59,87.36,88,87,6,5,15.77
Acinetobacter baumannii,XDR,Elderly,2022,80.2,94.52,101,73,5,4,14.32
Acinetobacter baumannii,XDR,Elderly,2023,81.63,89.13,49,46,2,3,7.5
Acinetobacter baumannii,XDR,Elderly,2024,100.0,88.24,15,34,1,2,-11.76
Acinetobacter baumannii,PDR,All,2004,1.18,,85,0,2,0,
Acinetobacter baumannii,PDR,All,2005,4.23,,71,0,1,0,
Acinetobacter baumannii,PDR,All,2006,1.49,,67,0,2,0,
Acinetobacter baumannii,PDR,All,2007,3.64,,110,0,4,0,
Acinetobacter baumannii,PDR,All,2008,13.64,12.0,88,50,6,3,-1.64
Acinetobacter baumannii,PDR,All,2009,11.58,0.0,95,22,7,2,-11.58
Acinetobacter baumannii,PDR,All,2010,14.29,0.0,77,14,5,1,-14.29
Acinetobacter baumannii,PDR,All,2011,7.02,,57,0,4,0,
Acinetobacter baumannii,PDR,All,2012,21.21,,33,0,3,0,
Acinetobacter baumannii,PDR,All,2013,35.09,,57,0,3,0,
Acinetobacter baumannii,PDR,All,2014,73.08,,52,0,2,0,
Acinetobacter baumannii,PDR,All,2015,35.0,,20,0,1,0,
Acinetobacter baumannii,PDR,All,2016,0.0,,11,0,1,0,
Acinetobacter baumannii,PDR,All,2018,80.0,58.06,10,31,1,3,-21.94
Acinetobacter baumannii,PDR,All,2019,64.94,64.71,77,85,5,4,-0.23
Acinetobacter baumannii,PDR,All,2020,62.22,61.84,90,76,7,5,-0.38
Acinetobacter baumannii,PDR,All,2021,39.77,66.67,88,87,6,5,26.9
Acinetobacter baumannii,PDR,All,2022,62.38,80.82,101,73,5,4,18.44
Acinetobacter baumannii,PDR,All,2023,53.06,73.91,49,46,2,3,20.85
Acinetobacter baumannii,PDR,All,2024,86.67,82.35,15,34,1,2,-4.32
Acinetobacter baumannii,PDR,Pediatric,2004,0.0,,10,0,1,0,
Acinetobacter baumannii,PDR,Pediatric,2005,4.55,,22,0,1,0,
Acinetobacter baumannii,PDR,Pediatric,2007,0.0,,11,0,1,0,
Acinetobacter baumannii,PDR,Pediatric,2009,,0.0,0,11,0,1,
Acinetobacter baumannii,PDR,Pediatric,2018,,10.0,0,10,0,1,
Acinetobacter baumannii,PDR,Pediatric,2019,,71.43,0,14,0,1,
Acinetobacter baumannii,PDR,Elderly,2004,0.0,,75,0,2,0,
Acinetobacter baumannii,PDR,Elderly,2005,2.04,,49,0,1,0,
Acinetobacter baumannii,PDR,Elderly,2006,0.0,,67,0,2,0,
Acinetobacter baumannii,PDR,Elderly,2007,3.03,,99,0,4,0,
Acinetobacter baumannii,PDR,Elderly,2008,13.64,12.0,88,50,6,3,-1.64
Acinetobacter baumannii,PDR,Elderly,2009,10.53,0.0,95,11,7,1,-10.53
Acinetobacter baumannii,PDR,Elderly,2010,14.29,0.0,77,14,5,1,-14.29
Acinetobacter baumannii,PDR,Elderly,2011,5.26,,57,0,4,0,
Acinetobacter baumannii,PDR,Elderly,2012,18.18,,33,0,3,0,
Acinetobacter baumannii,PDR,Elderly,2013,35.09,,57,0,3,0,
Acinetobacter baumannii,PDR,Elderly,2014,71.15,,52,0,2,0,
Acinetobacter baumannii,PDR,Elderly,2015,35.0,,20,0,1,0,
Acinetobacter baumannii,PDR,Elderly,2016,0.0,,11,0,1,0,
Acinetobacter baumannii,PDR,Elderly,2018,80.0,80.95,10,21,1,2,0.95
Acinetobacter baumannii,PDR,Elderly,2019,63.64,60.56,77,71,5,4,-3.08
Acinetobacter baumannii,PDR,Elderly,2020,62.22,61.84,90,76,7,5,-0.38
Acinetobacter baumannii,PDR,Elderly,2021,39.77,66.67,88,87,6,5,26.9
Acinetobacter baumannii,PDR,Elderly,2022,62.38,79.45,101,73,5,4,17.07
Acinetobacter baumannii,PDR,Elderly,2023,51.02,71.74,49,46,2,3,20.72
Acinetobacter baumannii,PDR,Elderly,2024,86.67,82.35,15,34,1,2,-4.32
Escherichia coli,MDR,All,2004,14.38,14.29,473,14,9,1,-0.09
Escherichia coli,MDR,All,2005,9.28,17.86,582,28,7,2,8.58
Escherichia coli,MDR,All,2006,12.81,36.96,718,46,15,3,24.15
Escherichia coli,MDR,All,2007,17.42,57.5,970,40,19,3,40.08
Escherichia coli,MDR,All,2008,24.94,40.91,798,132,16,6,15.97
Escherichia coli,MDR,All,2009,26.98,41.96,860,143,20,6,14.98
Escherichia coli,MDR,All,2010,27.2,45.71,728,70,20,4,18.51
Escherichia coli,MDR,All,2011,22.15,0.0,614,10,11,1,-22.15
Escherichia coli,MDR,All,2012,21.2,,618,0,11,0,
Escherichia coli,MDR,All,2013,21.19,,755,0,12,0,
Escherichia coli,MDR,All,2014,26.39,66.67,879,51,18,3,40.28
Escherichia coli,MDR,All,2015,26.5,49.44,864,180,21,10,22.94
Escherichia coli,MDR,All,2016,27.9,53.96,871,139,22,6,26.06
Escherichia coli,MDR,All,2017,26.84,49.7,667,169,21,7,22.86
Escherichia coli,MDR,All,2018,46.89,77.12,772,271,20,10,30.23
Escherichia coli,MDR,All,2019,49.38,76.44,812,365,21,12,27.06
Escherichia coli,MDR,All,2020,45.68,73.54,1053,291,25,11,27.86
Escherichia coli,MDR,All,2021,42.99,76.54,1042,324,25,12,33.55
Escherichia coli,MDR,All,2022,42.38,70.23,998,393,22,14,27.85
Escherichia coli,MDR,All,2023,44.44,74.7,810,328,23,13,30.26
Escherichia coli,MDR,All,2024,44.26,72.27,863,339,23,13,28.01
Escherichia coli,MDR,Pediatric,2004,9.09,,44,0,1,0,
Escherichia coli,MDR,Pediatric,2005,0.0,,57,0,1,0,
Escherichia coli,MDR,Pediatric,2006,5.13,,39,0,1,0,
Escherichia coli,MDR,Pediatric,2007,7.84,,51,0,1,0,
Escherichia coli,MDR,Pediatric,2008,41.18,,34,0,2,0,
Escherichia coli,MDR,Pediatric,2009,3.57,47.06,28,34,2,2,43.49
Escherichia coli,MDR,Pediatric,2010,0.0,,15,0,1,0,
Escherichia coli,MDR,Pediatric,2011,0.0,,15,0,1,0,
Escherichia coli,MDR,Pediatric,2012,24.14,,29,0,2,0,
Escherichia coli,MDR,Pediatric,2013,0.0,,14,0,1,0,
Escherichia coli,MDR,Pediatric,2014,20.0,,25,0,1,0,
Escherichia coli,MDR,Pediatric,2015,11.11,,27,0,2,0,
Escherichia coli,MDR,Pediatric,2016,15.15,50.0,33,12,2,1,34.85
Escherichia coli,MDR,Pediatric,2017,,50.0,0,12,0,1,
Escherichia coli,MDR,Pediatric,2018,40.0,90.0,10,20,1,2,50.0
Escherichia coli,MDR,Pediatric,2019,48.0,100.0,25,12,2,1,52.0
Escherichia coli,MDR,Pediatric,2020,34.62,47.06,26,17,2,1,12.44
Escherichia coli,MDR,Pediatric,2021,42.86,80.0,21,35,1,2,37.14
Escherichia coli,MDR,Pediatric,2024,,80.77,0,26,0,2,
Escherichia coli,MDR,Elderly,2004,14.45,14.29,429,14,9,1,-0.16
Escherichia coli,MDR,Elderly,2005,10.1,17.86,525,28,7,2,7.76
Escherichia coli,MDR,Elderly,2006,12.96,34.78,679,46,15,3,21.82
Escherichia coli,MDR,Elderly,2007,17.85,55.0,919,40,19,3,37.15
Escherichia coli,MDR,Elderly,2008,24.21,40.91,764,132,16,6,16.7
Escherichia coli,MDR,Elderly,2009,27.64,38.53,832,109,20,6,10.89
Escherichia coli,MDR,Elderly,2010,27.77,44.29,713,70,20,4,16.52
Escherichia coli,MDR,Elderly,2011,22.54,0.0,599,10,11,1,-22.54
Escherichia coli,MDR,Elderly,2012,20.88,,589,0,11,0,
Escherichia coli,MDR,Elderly,2013,21.59,,741,0,12,0,
Escherichia coli,MDR,Elderly,2014,26.46,64.71,854,51,18,3,38.25
Escherichia coli,MDR,Elderly,2015,26.88,49.44,837,180,21,10,22.56
Escherichia coli,MDR,Elderly,2016,28.16,53.54,838,127,22,5,25.38
Escherichia coli,MDR,Elderly,2017,26.69,49.68,667,157,21,7,22.99
Escherichia coli,MDR,Elderly,2018,46.98,76.1,762,251,20,9,29.12
Escherichia coli,MDR,Elderly,2019,49.17,75.64,787,353,21,12,26.47
Escherichia coli,MDR,Elderly,2020,45.76,74.45,1027,274,25,11,28.69
Escherichia coli,MDR,Elderly,2021,42.9,75.78,1021,289,24,12,32.88
Escherichia coli,MDR,Elderly,2022,42.38,69.97,998,393,22,14,27.59
Escherichia coli,MDR,Elderly,2023,44.32,74.7,810,328,23,13,30.38
Escherichia coli,MDR,Elderly,2024,44.15,71.25,863,313,23,12,27.1
Escherichia coli,XDR,All,2004,5.92,0.0,473,14,9,1,-5.92
Escherichia coli,XDR,All,2005,3.09,3.57,582,28,7,2,0.48
Escherichia coli,XDR,All,2006,3.34,10.87,718,46,15,3,7.53
Escherichia coli,XDR,All,2007,8.04,32.5,970,40,19,3,24.46
Escherichia coli,XDR,All,2008,9.9,26.52,798,132,16,6,16.62
Escherichia coli,XDR,All,2009,12.44,22.38,860,143,20,6,9.94
Escherichia coli,XDR,All,2010,10.99,28.57,728,70,20,4,17.58
Escherichia coli,XDR,All,2011,7.82,0.0,614,10,11,1,-7.82
Escherichia coli,XDR,All,2012,5.5,,618,0,11,0,
Escherichia coli,XDR,All,2013,6.89,,755,0,12,0,
Escherichia coli,XDR,All,2014,6.94,21.57,879,51,18,3,14.63
Escherichia coli,XDR,All,2015,4.51,12.22,864,180,21,10,7.71
Escherichia coli,XDR,All,2016,5.4,10.07,871,139,22,6,4.67
Escherichia coli,XDR,All,2017,4.8,9.47,667,169,21,7,4.67
Escherichia coli,XDR,All,2018,6.22,16.97,772,271,20,10,10.75
Escherichia coli,XDR,All,2019,6.28,15.89,812,365,21,12,9.61
Escherichia coli,XDR,All,2020,5.7,18.21,1053,291,25,11,12.51
Escherichia coli,XDR,All,2021,4.41,18.21,1042,324,25,12,13.8
Escherichia coli,XDR,All,2022,5.21,14.5,998,393,22,14,9.29
Escherichia coli,XDR,All,2023,4.94,17.38,810,328,23,13,12.44
Escherichia coli,XDR,All,2024,4.87,12.68,863,339,23,13,7.81
Escherichia coli,XDR,Pediatric,2004,0.0,,44,0,1,0,
Escherichia coli,XDR,Pediatric,2005,0.0,,57,0,1,0,
Escherichia coli,XDR,Pediatric,2006,5.13,,39,0,1,0,
Escherichia coli,XDR,Pediatric,2007,0.0,,51,0,1,0,
Escherichia coli,XDR,Pediatric,2008,20.59,,34,0,2,0,
Escherichia coli,XDR,Pediatric,2009,0.0,29.41,28,34,2,2,29.41
Escherichia coli,XDR,Pediatric,2010,0.0,,15,0,1,0,
Escherichia coli,XDR,Pediatric,2011,0.0,,15,0,1,0,
Escherichia coli,XDR,Pediatric,2012,13.79,,29,0,2,0,
Escherichia coli,XDR,Pediatric,2013,0.0,,14,0,1,0,
Escherichia coli,XDR,Pediatric,2014,4.0,,25,0,1,0,
Escherichia coli,XDR,Pediatric,2015,3.7,,27,0,2,0,
Escherichia coli,XDR,Pediatric,2016,0.0,0.0,33,12,2,1,0.0
Escherichia coli,XDR,Pediatric,2017,,16.67,0,12,0,1,
Escherichia coli,XDR,Pediatric,2018,0.0,5.0,10,20,1,2,5.0
Escherichia coli,XDR,Pediatric,2019,0.0,0.0,25,12,2,1,0.0
Escherichia coli,XDR,Pediatric,2020,0.0,5.88,26,17,2,1,5.88
Escherichia coli,XDR,Pediatric,2021,0.0,20.0,21,35,1,2,20.0
Escherichia coli,XDR,Pediatric,2024,,23.08,0,26,0,2,
Escherichia coli,XDR,Elderly,2004,6.29,0.0,429,14,9,1,-6.29
Escherichia coli,XDR,Elderly,2005,3.05,3.57,525,28,7,2,0.52
Escherichia coli,XDR,Elderly,2006,3.09,10.87,679,46,15,3,7.78
Escherichia coli,XDR,Elderly,2007,8.38,32.5,919,40,19,3,24.12
Escherichia coli,XDR,Elderly,2008,9.29,26.52,764,132,16,6,17.23
Escherichia coli,XDR,Elderly,2009,12.86,19.27,832,109,20,6,6.41
Escherichia coli,XDR,Elderly,2010,11.08,27.14,713,70,20,4,16.06
Escherichia coli,XDR,Elderly,2011,7.85,0.0,599,10,11,1,-7.85
Escherichia coli,XDR,Elderly,2012,4.92,,589,0,11,0,
Escherichia coli,XDR,Elderly,2013,7.02,,741,0,12,0,
Escherichia coli,XDR,Elderly,2014,6.91,21.57,854,51,18,3,14.66
Escherichia coli,XDR,Elderly,2015,4.42,12.22,837,180,21,10,7.8
Escherichia coli,XDR,Elderly,2016,5.49,10.24,838,127,22,5,4.75
Escherichia coli,XDR,Elderly,2017,4.65,8.92,667,157,21,7,4.27
Escherichia coli,XDR,Elderly,2018,6.17,17.53,762,251,20,9,11.36
Escherichia coli,XDR,Elderly,2019,6.48,16.15,787,353,21,12,9.67
Escherichia coli,XDR,Elderly,2020,5.84,18.25,1027,274,25,11,12.41
Escherichia coli,XDR,Elderly,2021,4.31,17.99,1021,289,24,12,13.68
Escherichia coli,XDR,Elderly,2022,5.11,14.25,998,393,22,14,9.14
Escherichia coli,XDR,Elderly,2023,4.81,17.07,810,328,23,13,12.26
Escherichia coli,XDR,Elderly,2024,4.87,11.5,863,313,23,12,6.63
Escherichia coli,PDR,All,2004,0.0,0.0,473,14,9,1,0.0
Escherichia coli,PDR,All,2005,0.0,0.0,582,28,7,2,0.0
Escherichia coli,PDR,All,2006,0.0,0.0,718,46,15,3,0.0
Escherichia coli,PDR,All,2007,0.52,0.0,970,40,19,3,-0.52
Escherichia coli,PDR,All,2008,0.0,0.76,798,132,16,6,0.76
Escherichia coli,PDR,All,2009,0.0,0.7,860,143,20,6,0.7
Escherichia coli,PDR,All,2010,0.14,0.0,728,70,20,4,-0.14
Escherichia coli,PDR,All,2011,0.0,0.0,614,10,11,1,0.0
Escherichia coli,PDR,All,2012,0.0,,618,0,11,0,
Escherichia coli,PDR,All,2013,0.0,,755,0,12,0,
Escherichia coli,PDR,All,2014,0.0,0.0,879,51,18,3,0.0
Escherichia coli,PDR,All,2015,0.0,0.56,864,180,21,10,0.56
Escherichia coli,PDR,All,2016,0.11,0.0,871,139,22,6,-0.11
Escherichia coli,PDR,All,2017,0.0,0.0,667,169,21,7,0.0
Escherichia coli,PDR,All,2018,0.0,0.0,772,271,20,10,0.0
Escherichia coli,PDR,All,2019,0.0,0.0,812,365,21,12,0.0
Escherichia coli,PDR,All,2020,0.0,0.0,1053,291,25,11,0.0
Escherichia coli,PDR,All,2021,0.0,0.0,1042,324,25,12,0.0
Escherichia coli,PDR,All,2022,0.0,0.0,998,393,22,14,0.0
Escherichia coli,PDR,All,2023,0.0,0.0,810,328,23,13,0.0
Escherichia coli,PDR,All,2024,0.0,0.0,863,339,23,13,0.0
Escherichia coli,PDR,Pediatric,2004,0.0,,44,0,1,0,
Escherichia coli,PDR,Pediatric,2005,0.0,,57,0,1,0,
Escherichia coli,PDR,Pediatric,2006,0.0,,39,0,1,0,
Escherichia coli,PDR,Pediatric,2007,0.0,,51,0,1,0,
Escherichia coli,PDR,Pediatric,2008,0.0,,34,0,2,0,
Escherichia coli,PDR,Pediatric,2009,0.0,0.0,28,34,2,2,0.0
Escherichia coli,PDR,Pediatric,2010,0.0,,15,0,1,0,
Escherichia coli,PDR,Pediatric,2011,0.0,,15,0,1,0,
Escherichia coli,PDR,Pediatric,2012,0.0,,29,0,2,0,
Escherichia coli,PDR,Pediatric,2013,0.0,,14,0,1,0,
Escherichia coli,PDR,Pediatric,2014,0.0,,25,0,1,0,
Escherichia coli,PDR,Pediatric,2015,0.0,,27,0,2,0,
Escherichia coli,PDR,Pediatric,2016,0.0,0.0,33,12,2,1,0.0
Escherichia coli,PDR,Pediatric,2017,,0.0,0,12,0,1,
Escherichia coli,PDR,Pediatric,2018,0.0,0.0,10,20,1,2,0.0
Escherichia coli,PDR,Pediatric,2019,0.0,0.0,25,12,2,1,0.0
Escherichia coli,PDR,Pediatric,2020,0.0,0.0,26,17,2,1,0.0
Escherichia coli,PDR,Pediatric,2021,0.0,0.0,21,35,1,2,0.0
Escherichia coli,PDR,Pediatric,2024,,0.0,0,26,0,2,
Escherichia coli,PDR,Elderly,2004,0.0,0.0,429,14,9,1,0.0
Escherichia coli,PDR,Elderly,2005,0.0,0.0,525,28,7,2,0.0
Escherichia coli,PDR,Elderly,2006,0.0,0.0,679,46,15,3,0.0
Escherichia coli,PDR,Elderly,2007,0.44,0.0,919,40,19,3,-0.44
Escherichia coli,PDR,Elderly,2008,0.0,0.76,764,132,16,6,0.76
Escherichia coli,PDR,Elderly,2009,0.0,0.0,832,109,20,6,0.0
Escherichia coli,PDR,Elderly,2010,0.14,0.0,713,70,20,4,-0.14
Escherichia coli,PDR,Elderly,2011,0.0,0.0,599,10,11,1,0.0
Escherichia coli,PDR,Elderly,2012,0.0,,589,0,11,0,
Escherichia coli,PDR,Elderly,2013,0.0,,741,0,12,0,
Escherichia coli,PDR,Elderly,2014,0.0,0.0,854,51,18,3,0.0
Escherichia coli,PDR,Elderly,2015,0.0,0.0,837,180,21,10,0.0
Escherichia coli,PDR,Elderly,2016,0.0,0.0,838,127,22,5,0.0
Escherichia coli,PDR,Elderly,2017,0.0,0.0,667,157,21,7,0.0
Escherichia coli,PDR,Elderly,2018,0.0,0.0,762,251,20,9,0.0
Escherichia coli,PDR,Elderly,2019,0.0,0.0,787,353,21,12,0.0
Escherichia coli,PDR,Elderly,2020,0.0,0.0,1027,274,25,11,0.0
Escherichia coli,PDR,Elderly,2021,0.0,0.0,1021,289,24,12,0.0
Escherichia coli,PDR,Elderly,2022,0.0,0.0,998,393,22,14,0.0
Escherichia coli,PDR,Elderly,2023,0.0,0.0,810,328,23,13,0.0
Escherichia coli,PDR,Elderly,2024,0.0,0.0,863,313,23,12,0.0
Staphylococcus aureus,MDR,All,2004,0.0,0.0,255,12,7,1,0.0
Staphylococcus aureus,MDR,All,2005,0.0,0.0,304,32,4,2,0.0
Staphylococcus aureus,MDR,All,2006,0.0,0.0,370,26,11,2,0.0
Staphylococcus aureus,MDR,All,2007,0.0,0.0,516,26,14,2,0.0
Staphylococcus aureus,MDR,All,2008,0.0,0.0,405,131,9,7,0.0
Staphylococcus aureus,MDR,All,2009,0.0,0.0,460,107,13,5,0.0
Staphylococcus aureus,MDR,All,2010,0.0,0.0,318,33,11,2,0.0
Staphylococcus aureus,MDR,All,2011,0.0,,362,0,8,0,
Staphylococcus aureus,MDR,All,2012,0.0,,284,0,7,0,
Staphylococcus aureus,MDR,All,2013,0.0,,341,0,7,0,
Staphylococcus aureus,MDR,All,2014,19.09,47.27,728,55,18,4,28.18
Staphylococcus aureus,MDR,All,2015,18.27,22.22,646,153,18,7,3.95
Staphylococcus aureus,MDR,All,2016,24.35,30.05,731,213,20,9,5.7
Staphylococcus aureus,MDR,All,2017,20.56,21.98,574,182,18,9,1.42
Staphylococcus aureus,MDR,All,2018,18.05,20.43,471,230,18,12,2.38
Staphylococcus aureus,MDR,All,2019,17.17,27.07,728,399,22,15,9.9
Staphylococcus aureus,MDR,All,2020,18.07,16.62,830,331,21,13,-1.45
Staphylococcus aureus,MDR,All,2021,19.9,17.23,975,412,24,13,-2.67
Staphylococcus aureus,MDR,All,2022,15.01,16.36,1106,269,25,10,1.35
Staphylococcus aureus,MDR,All,2023,15.54,22.49,811,249,22,13,6.95
Staphylococcus aureus,MDR,All,2024,17.16,15.29,682,170,22,8,-1.87
Staphylococcus aureus,MDR,Pediatric,2004,0.0,,26,0,1,0,
Staphylococcus aureus,MDR,Pediatric,2005,0.0,,45,0,1,0,
Staphylococcus aureus,MDR,Pediatric,2006,0.0,,41,0,2,0,
Staphylococcus aureus,MDR,Pediatric,2007,0.0,,28,0,1,0,
Staphylococcus aureus,MDR,Pediatric,2008,0.0,0.0,23,25,2,2,0.0
Staphylococcus aureus,MDR,Pediatric,2009,,0.0,0,24,0,1,
Staphylococcus aureus,MDR,Pediatric,2010,0.0,,10,0,1,0,
Staphylococcus aureus,MDR,Pediatric,2011,0.0,,32,0,2,0,
Staphylococcus aureus,MDR,Pediatric,2012,0.0,,20,0,1,0,
Staphylococcus aureus,MDR,Pediatric,2013,0.0,,10,0,1,0,
Staphylococcus aureus,MDR,Pediatric,2014,3.57,,56,0,4,0,
Staphylococcus aureus,MDR,Pediatric,2015,7.14,29.41,42,17,2,1,22.27
Staphylococcus aureus,MDR,Pediatric,2016,4.48,22.73,67,44,4,2,18.25
Staphylococcus aureus,MDR,Pediatric,2017,0.0,16.33,24,49,2,3,16.33
Staphylococcus aureus,MDR,Pediatric,2018,,21.28,0,47,0,4,
Staphylococcus aureus,MDR,Pediatric,2019,10.81,15.73,37,89,3,6,4.92
Staphylococcus aureus,MDR,Pediatric,2020,14.58,16.18,48,68,4,5,1.6
Staphylococcus aureus,MDR,Pediatric,2021,38.89,12.36,18,89,1,6,-26.53
Staphylococcus aureus,MDR,Pediatric,2022,0.0,0.0,10,12,1,1,0.0
Staphylococcus aureus,MDR,Pediatric,2023,20.0,,20,0,1,0,
Staphylococcus aureus,MDR,Pediatric,2024,15.0,0.0,20,21,1,2,-15.0
Staphylococcus aureus,MDR,Elderly,2004,0.0,0.0,229,12,7,1,0.0
Staphylococcus aureus,MDR,Elderly,2005,0.0,0.0,259,32,4,2,0.0
Staphylococcus aureus,MDR,Elderly,2006,0.0,0.0,329,26,11,2,0.0
Staphylococcus aureus,MDR,Elderly,2007,0.0,0.0,488,26,14,2,0.0
Staphylococcus aureus,MDR,Elderly,2008,0.0,0.0,382,106,9,7,0.0
Staphylococcus aureus,MDR,Elderly,2009,0.0,0.0,460,83,13,5,0.0
Staphylococcus aureus,MDR,Elderly,2010,0.0,0.0,308,33,11,2,0.0
Staphylococcus aureus,MDR,Elderly,2011,0.0,,330,0,8,0,
Staphylococcus aureus,MDR,Elderly,2012,0.0,,264,0,7,0,
Staphylococcus aureus,MDR,Elderly,2013,0.0,,331,0,7,0,
Staphylococcus aureus,MDR,Elderly,2014,20.24,45.45,672,55,17,4,25.21
Staphylococcus aureus,MDR,Elderly,2015,18.87,20.59,604,136,18,7,1.72
Staphylococcus aureus,MDR,Elderly,2016,26.2,30.77,664,169,19,9,4.57
Staphylococcus aureus,MDR,Elderly,2017,21.09,24.06,550,133,18,8,2.97
Staphylococcus aureus,MDR,Elderly,2018,17.83,19.67,471,183,18,10,1.84
Staphylococcus aureus,MDR,Elderly,2019,17.51,30.32,691,310,21,14,12.81
Staphylococcus aureus,MDR,Elderly,2020,18.16,15.97,782,263,21,11,-2.19
Staphylococcus aureus,MDR,Elderly,2021,19.54,17.96,957,323,24,13,-1.58
Staphylococcus aureus,MDR,Elderly,2022,15.05,16.34,1096,257,25,10,1.29
Staphylococcus aureus,MDR,Elderly,2023,15.3,22.49,791,249,22,13,7.19
Staphylococcus aureus,MDR,Elderly,2024,17.22,16.78,662,149,22,7,-0.44
Staphylococcus aureus,XDR,All,2004,0.0,0.0,255,12,7,1,0.0
Staphylococcus aureus,XDR,All,2005,0.0,0.0,304,32,4,2,0.0
Staphylococcus aureus,XDR,All,2006,0.0,0.0,370,26,11,2,0.0
Staphylococcus aureus,XDR,All,2007,0.0,0.0,516,26,14,2,0.0
Staphylococcus aureus,XDR,All,2008,0.0,0.0,405,131,9,7,0.0
Staphylococcus aureus,XDR,All,2009,0.0,0.0,460,107,13,5,0.0
Staphylococcus aureus,XDR,All,2010,0.0,0.0,318,33,11,2,0.0
Staphylococcus aureus,XDR,All,2011,0.0,,362,0,8,0,
Staphylococcus aureus,XDR,All,2012,0.0,,284,0,7,0,
Staphylococcus aureus,XDR,All,2013,0.0,,341,0,7,0,
Staphylococcus aureus,XDR,All,2014,0.0,0.0,728,55,18,4,0.0
Staphylococcus aureus,XDR,All,2015,0.0,0.0,646,153,18,7,0.0
Staphylococcus aureus,XDR,All,2016,0.0,0.0,731,213,20,9,0.0
Staphylococcus aureus,XDR,All,2017,0.0,0.0,574,182,18,9,0.0
Staphylococcus aureus,XDR,All,2018,0.0,0.0,471,230,18,12,0.0
Staphylococcus aureus,XDR,All,2019,0.0,0.0,728,399,22,15,0.0
Staphylococcus aureus,XDR,All,2020,0.0,0.0,830,331,21,13,0.0
Staphylococcus aureus,XDR,All,2021,0.0,0.0,975,412,24,13,0.0
Staphylococcus aureus,XDR,All,2022,0.0,0.0,1106,269,25,10,0.0
Staphylococcus aureus,XDR,All,2023,0.0,0.0,811,249,22,13,0.0
Staphylococcus aureus,XDR,All,2024,0.0,0.0,682,170,22,8,0.0
Staphylococcus aureus,XDR,Pediatric,2004,0.0,,26,0,1,0,
Staphylococcus aureus,XDR,Pediatric,2005,0.0,,45,0,1,0,
Staphylococcus aureus,XDR,Pediatric,2006,0.0,,41,0,2,0,
Staphylococcus aureus,XDR,Pediatric,2007,0.0,,28,0,1,0,
Staphylococcus aureus,XDR,Pediatric,2008,0.0,0.0,23,25,2,2,0.0
Staphylococcus aureus,XDR,Pediatric,2009,,0.0,0,24,0,1,
Staphylococcus aureus,XDR,Pediatric,2010,0.0,,10,0,1,0,
Staphylococcus aureus,XDR,Pediatric,2011,0.0,,32,0,2,0,
Staphylococcus aureus,XDR,Pediatric,2012,0.0,,20,0,1,0,
Staphylococcus aureus,XDR,Pediatric,2013,0.0,,10,0,1,0,
Staphylococcus aureus,XDR,Pediatric,2014,0.0,,56,0,4,0,
Staphylococcus aureus,XDR,Pediatric,2015,0.0,0.0,42,17,2,1,0.0
Staphylococcus aureus,XDR,Pediatric,2016,0.0,0.0,67,44,4,2,0.0
Staphylococcus aureus,XDR,Pediatric,2017,0.0,0.0,24,49,2,3,0.0
Staphylococcus aureus,XDR,Pediatric,2018,,0.0,0,47,0,4,
Staphylococcus aureus,XDR,Pediatric,2019,0.0,0.0,37,89,3,6,0.0
Staphylococcus aureus,XDR,Pediatric,2020,0.0,0.0,48,68,4,5,0.0
Staphylococcus aureus,XDR,Pediatric,2021,0.0,0.0,18,89,1,6,0.0
Staphylococcus aureus,XDR,Pediatric,2022,0.0,0.0,10,12,1,1,0.0
Staphylococcus aureus,XDR,Pediatric,2023,0.0,,20,0,1,0,
Staphylococcus aureus,XDR,Pediatric,2024,0.0,0.0,20,21,1,2,0.0
Staphylococcus aureus,XDR,Elderly,2004,0.0,0.0,229,12,7,1,0.0
Staphylococcus aureus,XDR,Elderly,2005,0.0,0.0,259,32,4,2,0.0
Staphylococcus aureus,XDR,Elderly,2006,0.0,0.0,329,26,11,2,0.0
Staphylococcus aureus,XDR,Elderly,2007,0.0,0.0,488,26,14,2,0.0
Staphylococcus aureus,XDR,Elderly,2008,0.0,0.0,382,106,9,7,0.0
Staphylococcus aureus,XDR,Elderly,2009,0.0,0.0,460,83,13,5,0.0
Staphylococcus aureus,XDR,Elderly,2010,0.0,0.0,308,33,11,2,0.0
Staphylococcus aureus,XDR,Elderly,2011,0.0,,330,0,8,0,
Staphylococcus aureus,XDR,Elderly,2012,0.0,,264,0,7,0,
Staphylococcus aureus,XDR,Elderly,2013,0.0,,331,0,7,0,
Staphylococcus aureus,XDR,Elderly,2014,0.0,0.0,672,55,17,4,0.0
Staphylococcus aureus,XDR,Elderly,2015,0.0,0.0,604,136,18,7,0.0
Staphylococcus aureus,XDR,Elderly,2016,0.0,0.0,664,169,19,9,0.0
Staphylococcus aureus,XDR,Elderly,2017,0.0,0.0,550,133,18,8,0.0
Staphylococcus aureus,XDR,Elderly,2018,0.0,0.0,471,183,18,10,0.0
Staphylococcus aureus,XDR,Elderly,2019,0.0,0.0,691,310,21,14,0.0
Staphylococcus aureus,XDR,Elderly,2020,0.0,0.0,782,263,21,11,0.0
Staphylococcus aureus,XDR,Elderly,2021,0.0,0.0,957,323,24,13,0.0
Staphylococcus aureus,XDR,Elderly,2022,0.0,0.0,1096,257,25,10,0.0
Staphylococcus aureus,XDR,Elderly,2023,0.0,0.0,791,249,22,13,0.0
Staphylococcus aureus,XDR,Elderly,2024,0.0,0.0,662,149,22,7,0.0
Staphylococcus aureus,PDR,All,2004,0.0,0.0,255,12,7,1,0.0
Staphylococcus aureus,PDR,All,2005,0.0,0.0,304,32,4,2,0.0
Staphylococcus aureus,PDR,All,2006,0.0,0.0,370,26,11,2,0.0
Staphylococcus aureus,PDR,All,2007,0.0,0.0,516,26,14,2,0.0
Staphylococcus aureus,PDR,All,2008,0.0,0.0,405,131,9,7,0.0
Staphylococcus aureus,PDR,All,2009,0.0,0.0,460,107,13,5,0.0
Staphylococcus aureus,PDR,All,2010,0.0,0.0,318,33,11,2,0.0
Staphylococcus aureus,PDR,All,2011,0.0,,362,0,8,0,
Staphylococcus aureus,PDR,All,2012,0.0,,284,0,7,0,
Staphylococcus aureus,PDR,All,2013,0.0,,341,0,7,0,
Staphylococcus aureus,PDR,All,2014,0.0,0.0,728,55,18,4,0.0
Staphylococcus aureus,PDR,All,2015,0.0,0.0,646,153,18,7,0.0
Staphylococcus aureus,PDR,All,2016,0.0,0.0,731,213,20,9,0.0
Staphylococcus aureus,PDR,All,2017,0.0,0.0,574,182,18,9,0.0
Staphylococcus aureus,PDR,All,2018,0.0,0.0,471,230,18,12,0.0
Staphylococcus aureus,PDR,All,2019,0.0,0.0,728,399,22,15,0.0
Staphylococcus aureus,PDR,All,2020,0.0,0.0,830,331,21,13,0.0
Staphylococcus aureus,PDR,All,2021,0.0,0.0,975,412,24,13,0.0
Staphylococcus aureus,PDR,All,2022,0.0,0.0,1106,269,25,10,0.0
Staphylococcus aureus,PDR,All,2023,0.0,0.0,811,249,22,13,0.0
Staphylococcus aureus,PDR,All,2024,0.0,0.0,682,170,22,8,0.0
Staphylococcus aureus,PDR,Pediatric,2004,0.0,,26,0,1,0,
Staphylococcus aureus,PDR,Pediatric,2005,0.0,,45,0,1,0,
Staphylococcus aureus,PDR,Pediatric,2006,0.0,,41,0,2,0,
Staphylococcus aureus,PDR,Pediatric,2007,0.0,,28,0,1,0,
Staphylococcus aureus,PDR,Pediatric,2008,0.0,0.0,23,25,2,2,0.0
Staphylococcus aureus,PDR,Pediatric,2009,,0.0,0,24,0,1,
Staphylococcus aureus,PDR,Pediatric,2010,0.0,,10,0,1,0,
Staphylococcus aureus,PDR,Pediatric,2011,0.0,,32,0,2,0,
Staphylococcus aureus,PDR,Pediatric,2012,0.0,,20,0,1,0,
Staphylococcus aureus,PDR,Pediatric,2013,0.0,,10,0,1,0,
Staphylococcus aureus,PDR,Pediatric,2014,0.0,,56,0,4,0,
Staphylococcus aureus,PDR,Pediatric,2015,0.0,0.0,42,17,2,1,0.0
Staphylococcus aureus,PDR,Pediatric,2016,0.0,0.0,67,44,4,2,0.0
Staphylococcus aureus,PDR,Pediatric,2017,0.0,0.0,24,49,2,3,0.0
Staphylococcus aureus,PDR,Pediatric,2018,,0.0,0,47,0,4,
Staphylococcus aureus,PDR,Pediatric,2019,0.0,0.0,37,89,3,6,0.0
Staphylococcus aureus,PDR,Pediatric,2020,0.0,0.0,48,68,4,5,0.0
Staphylococcus aureus,PDR,Pediatric,2021,0.0,0.0,18,89,1,6,0.0
Staphylococcus aureus,PDR,Pediatric,2022,0.0,0.0,10,12,1,1,0.0
Staphylococcus aureus,PDR,Pediatric,2023,0.0,,20,0,1,0,
Staphylococcus aureus,PDR,Pediatric,2024,0.0,0.0,20,21,1,2,0.0
Staphylococcus aureus,PDR,Elderly,2004,0.0,0.0,229,12,7,1,0.0
Staphylococcus aureus,PDR,Elderly,2005,0.0,0.0,259,32,4,2,0.0
Staphylococcus aureus,PDR,Elderly,2006,0.0,0.0,329,26,11,2,0.0
Staphylococcus aureus,PDR,Elderly,2007,0.0,0.0,488,26,14,2,0.0
Staphylococcus aureus,PDR,Elderly,2008,0.0,0.0,382,106,9,7,0.0
Staphylococcus aureus,PDR,Elderly,2009,0.0,0.0,460,83,13,5,0.0
Staphylococcus aureus,PDR,Elderly,2010,0.0,0.0,308,33,11,2,0.0
Staphylococcus aureus,PDR,Elderly,2011,0.0,,330,0,8,0,
Staphylococcus aureus,PDR,Elderly,2012,0.0,,264,0,7,0,
Staphylococcus aureus,PDR,Elderly,2013,0.0,,331,0,7,0,
Staphylococcus aureus,PDR,Elderly,2014,0.0,0.0,672,55,17,4,0.0
Staphylococcus aureus,PDR,Elderly,2015,0.0,0.0,604,136,18,7,0.0
Staphylococcus aureus,PDR,Elderly,2016,0.0,0.0,664,169,19,9,0.0
Staphylococcus aureus,PDR,Elderly,2017,0.0,0.0,550,133,18,8,0.0
Staphylococcus aureus,PDR,Elderly,2018,0.0,0.0,471,183,18,10,0.0
Staphylococcus aureus,PDR,Elderly,2019,0.0,0.0,691,310,21,14,0.0
Staphylococcus aureus,PDR,Elderly,2020,0.0,0.0,782,263,21,11,0.0
Staphylococcus aureus,PDR,Elderly,2021,0.0,0.0,957,323,24,13,0.0
Staphylococcus aureus,PDR,Elderly,2022,0.0,0.0,1096,257,25,10,0.0
Staphylococcus aureus,PDR,Elderly,2023,0.0,0.0,791,249,22,13,0.0
Staphylococcus aureus,PDR,Elderly,2024,0.0,0.0,662,149,22,7,0.0
Pseudomonas aeruginosa,MDR,All,2004,16.45,,152,0,4,0,
Pseudomonas aeruginosa,MDR,All,2005,13.42,33.33,149,12,3,1,19.91
Pseudomonas aeruginosa,MDR,All,2006,14.38,30.0,146,10,5,1,15.62
Pseudomonas aeruginosa,MDR,All,2007,17.22,27.27,273,22,9,2,10.05
Pseudomonas aeruginosa,MDR,All,2008,25.13,25.81,199,31,7,3,0.68
Pseudomonas aeruginosa,MDR,All,2009,26.45,34.88,276,43,9,2,8.43
Pseudomonas aeruginosa,MDR,All,2010,20.23,,173,0,9,0,
Pseudomonas aeruginosa,MDR,All,2011,15.18,,191,0,6,0,
Pseudomonas aeruginosa,MDR,All,2012,17.69,,147,0,5,0,
Pseudomonas aeruginosa,MDR,All,2013,12.92,,209,0,10,0,
Pseudomonas aeruginosa,MDR,All,2014,13.57,,199,0,8,0,
Pseudomonas aeruginosa,MDR,All,2015,21.74,,253,0,11,0,
Pseudomonas aeruginosa,MDR,All,2016,17.24,27.27,203,22,10,2,10.03
Pseudomonas aeruginosa,MDR,All,2017,25.75,26.42,167,53,10,3,0.67
Pseudomonas aeruginosa,MDR,All,2018,26.79,47.62,224,42,10,3,20.83
Pseudomonas aeruginosa,MDR,All,2019,29.44,43.61,428,133,17,7,14.17
Pseudomonas aeruginosa,MDR,All,2020,27.88,37.5,434,192,17,11,9.62
Pseudomonas aeruginosa,MDR,All,2021,26.97,44.81,482,183,17,10,17.84
Pseudomonas aeruginosa,MDR,All,2022,26.94,36.31,490,168,17,10,9.37
Pseudomonas aeruginosa,MDR,All,2023,21.53,42.65,274,68,12,5,21.12
Pseudomonas aeruginosa,MDR,All,2024,24.3,34.38,321,64,14,5,10.08
Pseudomonas aeruginosa,MDR,Pediatric,2004,10.0,,10,0,1,0,
Pseudomonas aeruginosa,MDR,Pediatric,2005,0.0,,28,0,1,0,
Pseudomonas aeruginosa,MDR,Pediatric,2007,14.29,16.67,14,12,1,1,2.38
Pseudomonas aeruginosa,MDR,Pediatric,2009,,37.5,0,24,0,1,
Pseudomonas aeruginosa,MDR,Pediatric,2016,,25.0,0,12,0,1,
Pseudomonas aeruginosa,MDR,Pediatric,2017,,21.43,0,28,0,2,
Pseudomonas aeruginosa,MDR,Pediatric,2019,,25.0,0,12,0,1,
Pseudomonas aeruginosa,MDR,Pediatric,2020,,26.09,0,23,0,2,
Pseudomonas aeruginosa,MDR,Pediatric,2021,,41.67,0,12,0,1,
Pseudomonas aeruginosa,MDR,Pediatric,2022,,0.0,0,10,0,1,
Pseudomonas aeruginosa,MDR,Elderly,2004,16.2,,142,0,4,0,
Pseudomonas aeruginosa,MDR,Elderly,2005,14.88,25.0,121,12,3,1,10.12
Pseudomonas aeruginosa,MDR,Elderly,2006,13.7,30.0,146,10,5,1,16.3
Pseudomonas aeruginosa,MDR,Elderly,2007,16.99,40.0,259,10,9,1,23.01
Pseudomonas aeruginosa,MDR,Elderly,2008,24.62,22.58,199,31,7,3,-2.04
Pseudomonas aeruginosa,MDR,Elderly,2009,26.09,31.58,276,19,9,1,5.49
Pseudomonas aeruginosa,MDR,Elderly,2010,19.65,,173,0,9,0,
Pseudomonas aeruginosa,MDR,Elderly,2011,14.66,,191,0,6,0,
Pseudomonas aeruginosa,MDR,Elderly,2012,17.01,,147,0,5,0,
Pseudomonas aeruginosa,MDR,Elderly,2013,12.92,,209,0,10,0,
Pseudomonas aeruginosa,MDR,Elderly,2014,13.07,,199,0,8,0,
Pseudomonas aeruginosa,MDR,Elderly,2015,21.74,,253,0,11,0,
Pseudomonas aeruginosa,MDR,Elderly,2016,16.75,20.0,203,10,10,1,3.25
Pseudomonas aeruginosa,MDR,Elderly,2017,25.75,24.0,167,25,10,2,-1.75
Pseudomonas aeruginosa,MDR,Elderly,2018,26.34,47.62,224,42,10,3,21.28
Pseudomonas aeruginosa,MDR,Elderly,2019,29.21,44.63,428,121,17,7,15.42
Pseudomonas aeruginosa,MDR,Elderly,2020,27.88,38.46,434,169,17,9,10.58
Pseudomonas aeruginosa,MDR,Elderly,2021,26.97,45.03,482,171,17,9,18.06
Pseudomonas aeruginosa,MDR,Elderly,2022,26.73,37.97,490,158,17,9,11.24
Pseudomonas aeruginosa,MDR,Elderly,2023,21.53,41.18,274,68,12,5,19.65
Pseudomonas aeruginosa,MDR,Elderly,2024,23.99,32.81,321,64,14,5,8.82
Pseudomonas aeruginosa,XDR,All,2004,16.45,,152,0,4,0,
Pseudomonas aeruginosa,XDR,All,2005,13.42,33.33,149,12,3,1,19.91
Pseudomonas aeruginosa,XDR,All,2006,14.38,30.0,146,10,5,1,15.62
Pseudomonas aeruginosa,XDR,All,2007,17.22,27.27,273,22,9,2,10.05
Pseudomonas aeruginosa,XDR,All,2008,25.13,25.81,199,31,7,3,0.68
Pseudomonas aeruginosa,XDR,All,2009,26.45,34.88,276,43,9,2,8.43
Pseudomonas aeruginosa,XDR,All,2010,20.23,,173,0,9,0,
Pseudomonas aeruginosa,XDR,All,2011,15.18,,191,0,6,0,
Pseudomonas aeruginosa,XDR,All,2012,17.69,,147,0,5,0,
Pseudomonas aeruginosa,XDR,All,2013,12.92,,209,0,10,0,
Pseudomonas aeruginosa,XDR,All,2014,11.06,,199,0,8,0,
Pseudomonas aeruginosa,XDR,All,2015,17.0,,253,0,11,0,
Pseudomonas aeruginosa,XDR,All,2016,14.29,13.64,203,22,10,2,-0.65
Pseudomonas aeruginosa,XDR,All,2017,18.56,16.98,167,53,10,3,-1.58
Pseudomonas aeruginosa,XDR,All,2018,13.84,21.43,224,42,10,3,7.59
Pseudomonas aeruginosa,XDR,All,2019,15.65,29.32,428,133,17,7,13.67
Pseudomonas aeruginosa,XDR,All,2020,15.9,22.92,434,192,17,11,7.02
Pseudomonas aeruginosa,XDR,All,2021,13.28,24.59,482,183,17,10,11.31
Pseudomonas aeruginosa,XDR,All,2022,11.63,25.0,490,168,17,10,13.37
Pseudomonas aeruginosa,XDR,All,2023,10.22,30.88,274,68,12,5,20.66
Pseudomonas aeruginosa,XDR,All,2024,8.1,25.0,321,64,14,5,16.9
Pseudomonas aeruginosa,XDR,Pediatric,2004,10.0,,10,0,1,0,
Pseudomonas aeruginosa,XDR,Pediatric,2005,0.0,,28,0,1,0,
Pseudomonas aeruginosa,XDR,Pediatric,2007,14.29,16.67,14,12,1,1,2.38
Pseudomonas aeruginosa,XDR,Pediatric,2009,,37.5,0,24,0,1,
Pseudomonas aeruginosa,XDR,Pediatric,2016,,0.0,0,12,0,1,
Pseudomonas aeruginosa,XDR,Pediatric,2017,,10.71,0,28,0,2,
Pseudomonas aeruginosa,XDR,Pediatric,2019,,16.67,0,12,0,1,
Pseudomonas aeruginosa,XDR,Pediatric,2020,,17.39,0,23,0,2,
Pseudomonas aeruginosa,XDR,Pediatric,2021,,16.67,0,12,0,1,
Pseudomonas aeruginosa,XDR,Pediatric,2022,,0.0,0,10,0,1,
Pseudomonas aeruginosa,XDR,Elderly,2004,16.2,,142,0,4,0,
Pseudomonas aeruginosa,XDR,Elderly,2005,14.88,25.0,121,12,3,1,10.12
Pseudomonas aeruginosa,XDR,Elderly,2006,13.7,30.0,146,10,5,1,16.3
Pseudomonas aeruginosa,XDR,Elderly,2007,16.99,40.0,259,10,9,1,23.01
Pseudomonas aeruginosa,XDR,Elderly,2008,24.62,22.58,199,31,7,3,-2.04
Pseudomonas aeruginosa,XDR,Elderly,2009,26.09,31.58,276,19,9,1,5.49
Pseudomonas aeruginosa,XDR,Elderly,2010,19.65,,173,0,9,0,
Pseudomonas aeruginosa,XDR,Elderly,2011,14.66,,191,0,6,0,
Pseudomonas aeruginosa,XDR,Elderly,2012,17.01,,147,0,5,0,
Pseudomonas aeruginosa,XDR,Elderly,2013,12.92,,209,0,10,0,
Pseudomonas aeruginosa,XDR,Elderly,2014,11.06,,199,0,8,0,
Pseudomonas aeruginosa,XDR,Elderly,2015,17.0,,253,0,11,0,
Pseudomonas aeruginosa,XDR,Elderly,2016,13.79,20.0,203,10,10,1,6.21
Pseudomonas aeruginosa,XDR,Elderly,2017,18.56,20.0,167,25,10,2,1.44
Pseudomonas aeruginosa,XDR,Elderly,2018,13.84,21.43,224,42,10,3,7.59
Pseudomonas aeruginosa,XDR,Elderly,2019,15.42,30.58,428,121,17,7,15.16
Pseudomonas aeruginosa,XDR,Elderly,2020,15.67,23.67,434,169,17,9,8.0
Pseudomonas aeruginosa,XDR,Elderly,2021,13.28,24.56,482,171,17,9,11.28
Pseudomonas aeruginosa,XDR,Elderly,2022,11.43,25.95,490,158,17,9,14.52
Pseudomonas aeruginosa,XDR,Elderly,2023,10.22,30.88,274,68,12,5,20.66
Pseudomonas aeruginosa,XDR,Elderly,2024,7.79,23.44,321,64,14,5,15.65
Pseudomonas aeruginosa,PDR,All,2004,0.0,,152,0,4,0,
Pseudomonas aeruginosa,PDR,All,2005,0.67,16.67,149,12,3,1,16.0
Pseudomonas aeruginosa,PDR,All,2006,2.05,10.0,146,10,5,1,7.95
Pseudomonas aeruginosa,PDR,All,2007,3.66,18.18,273,22,9,2,14.52
Pseudomonas aeruginosa,PDR,All,2008,5.53,3.23,199,31,7,3,-2.3
Pseudomonas aeruginosa,PDR,All,2009,6.88,18.6,276,43,9,2,11.72
Pseudomonas aeruginosa,PDR,All,2010,1.16,,173,0,9,0,
Pseudomonas aeruginosa,PDR,All,2011,2.62,,191,0,6,0,
Pseudomonas aeruginosa,PDR,All,2012,0.68,,147,0,5,0,
Pseudomonas aeruginosa,PDR,All,2013,2.87,,209,0,10,0,
Pseudomonas aeruginosa,PDR,All,2014,2.01,,199,0,8,0,
Pseudomonas aeruginosa,PDR,All,2015,2.77,,253,0,11,0,
Pseudomonas aeruginosa,PDR,All,2016,2.46,9.09,203,22,10,2,6.63
Pseudomonas aeruginosa,PDR,All,2017,1.8,9.43,167,53,10,3,7.63
Pseudomonas aeruginosa,PDR,All,2018,1.34,2.38,224,42,10,3,1.04
Pseudomonas aeruginosa,PDR,All,2019,2.1,7.52,428,133,17,7,5.42
Pseudomonas aeruginosa,PDR,All,2020,2.3,8.85,434,192,17,11,6.55
Pseudomonas aeruginosa,PDR,All,2021,2.49,14.21,482,183,17,10,11.72
Pseudomonas aeruginosa,PDR,All,2022,1.63,12.5,490,168,17,10,10.87
Pseudomonas aeruginosa,PDR,All,2023,0.73,23.53,274,68,12,5,22.8
Pseudomonas aeruginosa,PDR,All,2024,1.87,15.62,321,64,14,5,13.75
Pseudomonas aeruginosa,PDR,Pediatric,2004,0.0,,10,0,1,0,
Pseudomonas aeruginosa,PDR,Pediatric,2005,0.0,,28,0,1,0,
Pseudomonas aeruginosa,PDR,Pediatric,2007,0.0,0.0,14,12,1,1,0.0
Pseudomonas aeruginosa,PDR,Pediatric,2009,,16.67,0,24,0,1,
Pseudomonas aeruginosa,PDR,Pediatric,2016,,0.0,0,12,0,1,
Pseudomonas aeruginosa,PDR,Pediatric,2017,,10.71,0,28,0,2,
Pseudomonas aeruginosa,PDR,Pediatric,2019,,16.67,0,12,0,1,
Pseudomonas aeruginosa,PDR,Pediatric,2020,,0.0,0,23,0,2,
Pseudomonas aeruginosa,PDR,Pediatric,2021,,0.0,0,12,0,1,
Pseudomonas aeruginosa,PDR,Pediatric,2022,,0.0,0,10,0,1,
Pseudomonas aeruginosa,PDR,Elderly,2004,0.0,,142,0,4,0,
Pseudomonas aeruginosa,PDR,Elderly,2005,0.0,16.67,121,12,3,1,16.67
Pseudomonas aeruginosa,PDR,Elderly,2006,2.05,10.0,146,10,5,1,7.95
Pseudomonas aeruginosa,PDR,Elderly,2007,3.09,30.0,259,10,9,1,26.91
Pseudomonas aeruginosa,PDR,Elderly,2008,5.53,0.0,199,31,7,3,-5.53
Pseudomonas aeruginosa,PDR,Elderly,2009,6.52,15.79,276,19,9,1,9.27
Pseudomonas aeruginosa,PDR,Elderly,2010,0.58,,173,0,9,0,
Pseudomonas aeruginosa,PDR,Elderly,2011,2.09,,191,0,6,0,
Pseudomonas aeruginosa,PDR,Elderly,2012,0.68,,147,0,5,0,
Pseudomonas aeruginosa,PDR,Elderly,2013,2.87,,209,0,10,0,
Pseudomonas aeruginosa,PDR,Elderly,2014,1.51,,199,0,8,0,
Pseudomonas aeruginosa,PDR,Elderly,2015,2.37,,253,0,11,0,
Pseudomonas aeruginosa,PDR,Elderly,2016,1.97,10.0,203,10,10,1,8.03
Pseudomonas aeruginosa,PDR,Elderly,2017,1.8,8.0,167,25,10,2,6.2
Pseudomonas aeruginosa,PDR,Elderly,2018,0.89,0.0,224,42,10,3,-0.89
Pseudomonas aeruginosa,PDR,Elderly,2019,1.87,6.61,428,121,17,7,4.74
Pseudomonas aeruginosa,PDR,Elderly,2020,2.07,9.47,434,169,17,9,7.4
Pseudomonas aeruginosa,PDR,Elderly,2021,2.28,14.04,482,171,17,9,11.76
Pseudomonas aeruginosa,PDR,Elderly,2022,1.63,13.29,490,158,17,9,11.66
Pseudomonas aeruginosa,PDR,Elderly,2023,0.36,22.06,274,68,12,5,21.7
Pseudomonas aeruginosa,PDR,Elderly,2024,1.56,15.62,321,64,14,5,14.06
Enterobacter cloacae,MDR,All,2004,20.25,,158,0,5,0,
Enterobacter cloacae,MDR,All,2005,20.79,33.33,178,12,4,1,12.54
Enterobacter cloacae,MDR,All,2006,24.1,,195,0,6,0,
Enterobacter cloacae,MDR,All,2007,15.87,80.0,315,10,9,1,64.13
Enterobacter cloacae,MDR,All,2008,28.26,29.17,230,24,9,2,0.91
Enterobacter cloacae,MDR,All,2009,28.57,36.67,273,60,11,3,8.1
Enterobacter cloacae,MDR,All,2010,36.52,33.33,178,12,8,1,-3.19
Enterobacter cloacae,MDR,All,2011,26.18,,191,0,6,0,
Enterobacter cloacae,MDR,All,2012,20.13,,149,0,5,0,
Enterobacter cloacae,MDR,All,2013,15.62,,192,0,7,0,
Enterobacter cloacae,MDR,All,2014,21.37,,131,0,6,0,
Enterobacter cloacae,MDR,All,2015,16.13,20.0,124,10,7,1,3.87
Enterobacter cloacae,MDR,All,2016,24.76,40.0,105,10,5,1,15.24
Enterobacter cloacae,MDR,All,2017,18.84,63.64,69,11,4,1,44.8
Enterobacter cloacae,MDR,All,2018,47.83,70.0,92,10,5,1,22.17
Enterobacter cloacae,MDR,All,2019,51.11,50.0,45,14,4,1,-1.11
Enterobacter cloacae,MDR,All,2020,78.95,,38,0,3,0,
Enterobacter cloacae,MDR,All,2021,36.36,,11,0,1,0,
Enterobacter cloacae,MDR,Pediatric,2004,4.17,,24,0,1,0,
Enterobacter cloacae,MDR,Pediatric,2005,4.35,,46,0,1,0,
Enterobacter cloacae,MDR,Pediatric,2006,10.0,,30,0,1,0,
Enterobacter cloacae,MDR,Pediatric,2007,0.0,80.0,37,10,1,1,80.0
Enterobacter cloacae,MDR,Pediatric,2009,9.09,12.0,11,25,1,2,2.91
Enterobacter cloacae,MDR,Pediatric,2011,0.0,,14,0,1,0,
Enterobacter cloacae,MDR,Pediatric,2012,9.09,,11,0,1,0,
Enterobacter cloacae,MDR,Pediatric,2013,0.0,,12,0,1,0,
Enterobacter cloacae,MDR,Pediatric,2017,,63.64,0,11,0,1,
Enterobacter cloacae,MDR,Elderly,2004,23.13,,134,0,5,0,
Enterobacter cloacae,MDR,Elderly,2005,25.76,25.0,132,12,4,1,-0.76
Enterobacter cloacae,MDR,Elderly,2006,26.06,,165,0,6,0,
Enterobacter cloacae,MDR,Elderly,2007,17.63,,278,0,9,0,
Enterobacter cloacae,MDR,Elderly,2008,27.83,29.17,230,24,9,2,1.34
Enterobacter cloacae,MDR,Elderly,2009,29.01,51.43,262,35,11,3,22.42
Enterobacter cloacae,MDR,Elderly,2010,36.52,25.0,178,12,8,1,-11.52
Enterobacter cloacae,MDR,Elderly,2011,27.12,,177,0,6,0,
Enterobacter cloacae,MDR,Elderly,2012,20.29,,138,0,5,0,
Enterobacter cloacae,MDR,Elderly,2013,16.11,,180,0,7,0,
Enterobacter cloacae,MDR,Elderly,2014,21.37,,131,0,6,0,
Enterobacter cloacae,MDR,Elderly,2015,15.32,20.0,124,10,7,1,4.68
Enterobacter cloacae,MDR,Elderly,2016,24.76,40.0,105,10,5,1,15.24
Enterobacter cloacae,MDR,Elderly,2017,18.84,,69,0,4,0,
Enterobacter cloacae,MDR,Elderly,2018,46.74,70.0,92,10,5,1,23.26
Enterobacter cloacae,MDR,Elderly,2019,48.89,50.0,45,14,4,1,1.11
Enterobacter cloacae,MDR,Elderly,2020,78.95,,38,0,3,0,
Enterobacter cloacae,MDR,Elderly,2021,27.27,,11,0,1,0,
Enterobacter cloacae,XDR,All,2004,8.23,,158,0,5,0,
Enterobacter cloacae,XDR,All,2005,10.11,16.67,178,12,4,1,6.56
Enterobacter cloacae,XDR,All,2006,15.38,,195,0,6,0,
Enterobacter cloacae,XDR,All,2007,6.98,70.0,315,10,9,1,63.02
Enterobacter cloacae,XDR,All,2008,15.22,12.5,230,24,9,2,-2.72
Enterobacter cloacae,XDR,All,2009,17.58,26.67,273,60,11,3,9.09
Enterobacter cloacae,XDR,All,2010,21.35,16.67,178,12,8,1,-4.68
Enterobacter cloacae,XDR,All,2011,13.09,,191,0,6,0,
Enterobacter cloacae,XDR,All,2012,12.08,,149,0,5,0,
Enterobacter cloacae,XDR,All,2013,10.42,,192,0,7,0,
Enterobacter cloacae,XDR,All,2014,7.63,,131,0,6,0,
Enterobacter cloacae,XDR,All,2015,8.87,10.0,124,10,7,1,1.13
Enterobacter cloacae,XDR,All,2016,12.38,20.0,105,10,5,1,7.62
Enterobacter cloacae,XDR,All,2017,8.7,9.09,69,11,4,1,0.39
Enterobacter cloacae,XDR,All,2018,11.96,20.0,92,10,5,1,8.04
Enterobacter cloacae,XDR,All,2019,17.78,14.29,45,14,4,1,-3.49
Enterobacter cloacae,XDR,All,2020,18.42,,38,0,3,0,
Enterobacter cloacae,XDR,All,2021,9.09,,11,0,1,0,
Enterobacter cloacae,XDR,Pediatric,2004,0.0,,24,0,1,0,
Enterobacter cloacae,XDR,Pediatric,2005,0.0,,46,0,1,0,
Enterobacter cloacae,XDR,Pediatric,2006,0.0,,30,0,1,0,
Enterobacter cloacae,XDR,Pediatric,2007,0.0,70.0,37,10,1,1,70.0
Enterobacter cloacae,XDR,Pediatric,2009,9.09,12.0,11,25,1,2,2.91
Enterobacter cloacae,XDR,Pediatric,2011,0.0,,14,0,1,0,
Enterobacter cloacae,XDR,Pediatric,2012,0.0,,11,0,1,0,
Enterobacter cloacae,XDR,Pediatric,2013,0.0,,12,0,1,0,
Enterobacter cloacae,XDR,Pediatric,2017,,0.0,0,11,0,1,
Enterobacter cloacae,XDR,Elderly,2004,8.96,,134,0,5,0,
Enterobacter cloacae,XDR,Elderly,2005,12.12,16.67,132,12,4,1,4.55
Enterobacter cloacae,XDR,Elderly,2006,16.97,,165,0,6,0,
Enterobacter cloacae,XDR,Elderly,2007,7.55,,278,0,9,0,
Enterobacter cloacae,XDR,Elderly,2008,14.78,12.5,230,24,9,2,-2.28
Enterobacter cloacae,XDR,Elderly,2009,17.56,37.14,262,35,11,3,19.58
Enterobacter cloacae,XDR,Elderly,2010,20.79,16.67,178,12,8,1,-4.12
Enterobacter cloacae,XDR,Elderly,2011,13.56,,177,0,6,0,
Enterobacter cloacae,XDR,Elderly,2012,12.32,,138,0,5,0,
Enterobacter cloacae,XDR,Elderly,2013,11.11,,180,0,7,0,
Enterobacter cloacae,XDR,Elderly,2014,6.87,,131,0,6,0,
Enterobacter cloacae,XDR,Elderly,2015,8.87,10.0,124,10,7,1,1.13
Enterobacter cloacae,XDR,Elderly,2016,11.43,20.0,105,10,5,1,8.57
Enterobacter cloacae,XDR,Elderly,2017,7.25,,69,0,4,0,
Enterobacter cloacae,XDR,Elderly,2018,11.96,20.0,92,10,5,1,8.04
Enterobacter cloacae,XDR,Elderly,2019,15.56,14.29,45,14,4,1,-1.27
Enterobacter cloacae,XDR,Elderly,2020,18.42,,38,0,3,0,
Enterobacter cloacae,XDR,Elderly,2021,0.0,,11,0,1,0,
Enterobacter cloacae,PDR,All,2004,0.0,,158,0,5,0,
Enterobacter cloacae,PDR,All,2005,0.0,0.0,178,12,4,1,0.0
Enterobacter cloacae,PDR,All,2006,0.51,,195,0,6,0,
Enterobacter cloacae,PDR,All,2007,0.0,10.0,315,10,9,1,10.0
Enterobacter cloacae,PDR,All,2008,1.74,0.0,230,24,9,2,-1.74
Enterobacter cloacae,PDR,All,2009,1.83,1.67,273,60,11,3,-0.16
Enterobacter cloacae,PDR,All,2010,0.0,0.0,178,12,8,1,0.0
Enterobacter cloacae,PDR,All,2011,0.0,,191,0,6,0,
Enterobacter cloacae,PDR,All,2012,0.0,,149,0,5,0,
Enterobacter cloacae,PDR,All,2013,0.52,,192,0,7,0,
Enterobacter cloacae,PDR,All,2014,0.0,,131,0,6,0,
Enterobacter cloacae,PDR,All,2015,0.0,0.0,124,10,7,1,0.0
Enterobacter cloacae,PDR,All,2016,1.9,0.0,105,10,5,1,-1.9
Enterobacter cloacae,PDR,All,2017,0.0,9.09,69,11,4,1,9.09
Enterobacter cloacae,PDR,All,2018,0.0,0.0,92,10,5,1,0.0
Enterobacter cloacae,PDR,All,2019,4.44,0.0,45,14,4,1,-4.44
Enterobacter cloacae,PDR,All,2020,0.0,,38,0,3,0,
Enterobacter cloacae,PDR,All,2021,0.0,,11,0,1,0,
Enterobacter cloacae,PDR,Pediatric,2004,0.0,,24,0,1,0,
Enterobacter cloacae,PDR,Pediatric,2005,0.0,,46,0,1,0,
Enterobacter cloacae,PDR,Pediatric,2006,0.0,,30,0,1,0,
Enterobacter cloacae,PDR,Pediatric,2007,0.0,10.0,37,10,1,1,10.0
Enterobacter cloacae,PDR,Pediatric,2009,0.0,0.0,11,25,1,2,0.0
Enterobacter cloacae,PDR,Pediatric,2011,0.0,,14,0,1,0,
Enterobacter cloacae,PDR,Pediatric,2012,0.0,,11,0,1,0,
Enterobacter cloacae,PDR,Pediatric,2013,0.0,,12,0,1,0,
Enterobacter cloacae,PDR,Pediatric,2017,,0.0,0,11,0,1,
Enterobacter cloacae,PDR,Elderly,2004,0.0,,134,0,5,0,
Enterobacter cloacae,PDR,Elderly,2005,0.0,0.0,132,12,4,1,0.0
Enterobacter cloacae,PDR,Elderly,2006,0.61,,165,0,6,0,
Enterobacter cloacae,PDR,Elderly,2007,0.0,,278,0,9,0,
Enterobacter cloacae,PDR,Elderly,2008,1.3,0.0,230,24,9,2,-1.3
Enterobacter cloacae,PDR,Elderly,2009,1.53,0.0,262,35,11,3,-1.53
Enterobacter cloacae,PDR,Elderly,2010,0.0,0.0,178,12,8,1,0.0
Enterobacter cloacae,PDR,Elderly,2011,0.0,,177,0,6,0,
Enterobacter cloacae,PDR,Elderly,2012,0.0,,138,0,5,0,
Enterobacter cloacae,PDR,Elderly,2013,0.0,,180,0,7,0,
Enterobacter cloacae,PDR,Elderly,2014,0.0,,131,0,6,0,
Enterobacter cloacae,PDR,Elderly,2015,0.0,0.0,124,10,7,1,0.0
Enterobacter cloacae,PDR,Elderly,2016,1.9,0.0,105,10,5,1,-1.9
Enterobacter cloacae,PDR,Elderly,2017,0.0,,69,0,4,0,
Enterobacter cloacae,PDR,Elderly,2018,0.0,0.0,92,10,5,1,0.0
Enterobacter cloacae,PDR,Elderly,2019,4.44,0.0,45,14,4,1,-4.44
Enterobacter cloacae,PDR,Elderly,2020,0.0,,38,0,3,0,
Enterobacter cloacae,PDR,Elderly,2021,0.0,,11,0,1,0,
Enterococcus faecium,MDR,All,2004,71.43,,56,0,1,0,
Enterococcus faecium,MDR,All,2005,67.24,,58,0,1,0,
Enterococcus faecium,MDR,All,2006,52.33,,86,0,4,0,
Enterococcus faecium,MDR,All,2007,57.97,,69,0,2,0,
Enterococcus faecium,MDR,All,2008,47.13,,87,0,5,0,
Enterococcus faecium,MDR,All,2009,45.65,,92,0,5,0,
Enterococcus faecium,MDR,All,2010,44.19,,86,0,6,0,
Enterococcus faecium,MDR,All,2011,43.37,,83,0,5,0,
Enterococcus faecium,MDR,All,2012,61.84,,76,0,4,0,
Enterococcus faecium,MDR,All,2013,36.99,,73,0,4,0,
Enterococcus faecium,MDR,All,2014,47.76,,134,0,7,0,
Enterococcus faecium,MDR,All,2015,39.58,,48,0,3,0,
Enterococcus faecium,MDR,All,2016,32.73,,55,0,4,0,
Enterococcus faecium,MDR,All,2017,44.19,,43,0,3,0,
Enterococcus faecium,MDR,All,2018,89.47,91.67,38,12,3,1,2.2
Enterococcus faecium,MDR,All,2019,87.8,95.83,41,24,3,1,8.03
Enterococcus faecium,MDR,All,2020,95.89,,73,0,6,0,
Enterococcus faecium,MDR,All,2021,90.0,92.31,100,13,7,1,2.31
Enterococcus faecium,MDR,All,2022,85.4,96.77,137,31,9,2,11.37
Enterococcus faecium,MDR,All,2023,88.73,80.0,71,15,5,1,-8.73
Enterococcus faecium,MDR,All,2024,93.02,93.33,86,15,7,1,0.31
Enterococcus faecium,MDR,Pediatric,2007,25.0,,12,0,1,0,
Enterococcus faecium,MDR,Elderly,2004,71.43,,56,0,1,0,
Enterococcus faecium,MDR,Elderly,2005,65.52,,58,0,1,0,
Enterococcus faecium,MDR,Elderly,2006,52.33,,86,0,4,0,
Enterococcus faecium,MDR,Elderly,2007,63.16,,57,0,2,0,
Enterococcus faecium,MDR,Elderly,2008,45.98,,87,0,5,0,
Enterococcus faecium,MDR,Elderly,2009,44.57,,92,0,5,0,
Enterococcus faecium,MDR,Elderly,2010,44.19,,86,0,6,0,
Enterococcus faecium,MDR,Elderly,2011,43.37,,83,0,5,0,
Enterococcus faecium,MDR,Elderly,2012,61.84,,76,0,4,0,
Enterococcus faecium,MDR,Elderly,2013,35.62,,73,0,4,0,
Enterococcus faecium,MDR,Elderly,2014,47.01,,134,0,7,0,
Enterococcus faecium,MDR,Elderly,2015,39.58,,48,0,3,0,
Enterococcus faecium,MDR,Elderly,2016,32.73,,55,0,4,0,
Enterococcus faecium,MDR,Elderly,2017,41.86,,43,0,3,0,
Enterococcus faecium,MDR,Elderly,2018,86.84,91.67,38,12,3,1,4.83
Enterococcus faecium,MDR,Elderly,2019,87.8,91.67,41,24,3,1,3.87
Enterococcus faecium,MDR,Elderly,2020,95.89,,73,0,6,0,
Enterococcus faecium,MDR,Elderly,2021,89.0,92.31,100,13,7,1,3.31
Enterococcus faecium,MDR,Elderly,2022,85.4,96.77,137,31,9,2,11.37
Enterococcus faecium,MDR,Elderly,2023,87.32,80.0,71,15,5,1,-7.32
Enterococcus faecium,MDR,Elderly,2024,93.02,86.67,86,15,7,1,-6.35
Enterococcus faecium,XDR,All,2004,71.43,,56,0,1,0,
Enterococcus faecium,XDR,All,2005,67.24,,58,0,1,0,
Enterococcus faecium,XDR,All,2006,52.33,,86,0,4,0,
Enterococcus faecium,XDR,All,2007,57.97,,69,0,2,0,
Enterococcus faecium,XDR,All,2008,47.13,,87,0,5,0,
Enterococcus faecium,XDR,All,2009,45.65,,92,0,5,0,
Enterococcus faecium,XDR,All,2010,44.19,,86,0,6,0,
Enterococcus faecium,XDR,All,2011,43.37,,83,0,5,0,
Enterococcus faecium,XDR,All,2012,61.84,,76,0,4,0,
Enterococcus faecium,XDR,All,2013,36.99,,73,0,4,0,
Enterococcus faecium,XDR,All,2014,38.06,,134,0,7,0,
Enterococcus faecium,XDR,All,2015,39.58,,48,0,3,0,
Enterococcus faecium,XDR,All,2016,32.73,,55,0,4,0,
Enterococcus faecium,XDR,All,2017,44.19,,43,0,3,0,
Enterococcus faecium,XDR,All,2018,28.95,0.0,38,12,3,1,-28.95
Enterococcus faecium,XDR,All,2019,43.9,16.67,41,24,3,1,-27.23
Enterococcus faecium,XDR,All,2020,35.62,,73,0,6,0,
Enterococcus faecium,XDR,All,2021,21.0,46.15,100,13,7,1,25.15
Enterococcus faecium,XDR,All,2022,19.71,29.03,137,31,9,2,9.32
Enterococcus faecium,XDR,All,2023,29.58,13.33,71,15,5,1,-16.25
Enterococcus faecium,XDR,All,2024,33.72,20.0,86,15,7,1,-13.72
Enterococcus faecium,XDR,Pediatric,2007,25.0,,12,0,1,0,
Enterococcus faecium,XDR,Elderly,2004,71.43,,56,0,1,0,
Enterococcus faecium,XDR,Elderly,2005,65.52,,58,0,1,0,
Enterococcus faecium,XDR,Elderly,2006,52.33,,86,0,4,0,
Enterococcus faecium,XDR,Elderly,2007,63.16,,57,0,2,0,
Enterococcus faecium,XDR,Elderly,2008,45.98,,87,0,5,0,
Enterococcus faecium,XDR,Elderly,2009,44.57,,92,0,5,0,
Enterococcus faecium,XDR,Elderly,2010,44.19,,86,0,6,0,
Enterococcus faecium,XDR,Elderly,2011,43.37,,83,0,5,0,
Enterococcus faecium,XDR,Elderly,2012,61.84,,76,0,4,0,
Enterococcus faecium,XDR,Elderly,2013,35.62,,73,0,4,0,
Enterococcus faecium,XDR,Elderly,2014,38.06,,134,0,7,0,
Enterococcus faecium,XDR,Elderly,2015,39.58,,48,0,3,0,
Enterococcus faecium,XDR,Elderly,2016,32.73,,55,0,4,0,
Enterococcus faecium,XDR,Elderly,2017,41.86,,43,0,3,0,
Enterococcus faecium,XDR,Elderly,2018,26.32,0.0,38,12,3,1,-26.32
Enterococcus faecium,XDR,Elderly,2019,43.9,16.67,41,24,3,1,-27.23
Enterococcus faecium,XDR,Elderly,2020,35.62,,73,0,6,0,
Enterococcus faecium,XDR,Elderly,2021,20.0,38.46,100,13,7,1,18.46
Enterococcus faecium,XDR,Elderly,2022,18.98,29.03,137,31,9,2,10.05
Enterococcus faecium,XDR,Elderly,2023,28.17,6.67,71,15,5,1,-21.5
Enterococcus faecium,XDR,Elderly,2024,33.72,20.0,86,15,7,1,-13.72
Enterococcus faecium,PDR,All,2004,0.0,,56,0,1,0,
Enterococcus faecium,PDR,All,2005,0.0,,58,0,1,0,
Enterococcus faecium,PDR,All,2006,0.0,,86,0,4,0,
Enterococcus faecium,PDR,All,2007,0.0,,69,0,2,0,
Enterococcus faecium,PDR,All,2008,0.0,,87,0,5,0,
Enterococcus faecium,PDR,All,2009,2.17,,92,0,5,0,
Enterococcus faecium,PDR,All,2010,0.0,,86,0,6,0,
Enterococcus faecium,PDR,All,2011,1.2,,83,0,5,0,
Enterococcus faecium,PDR,All,2012,0.0,,76,0,4,0,
Enterococcus faecium,PDR,All,2013,1.37,,73,0,4,0,
Enterococcus faecium,PDR,All,2014,0.0,,134,0,7,0,
Enterococcus faecium,PDR,All,2015,0.0,,48,0,3,0,
Enterococcus faecium,PDR,All,2016,0.0,,55,0,4,0,
Enterococcus faecium,PDR,All,2017,0.0,,43,0,3,0,
Enterococcus faecium,PDR,All,2018,0.0,0.0,38,12,3,1,0.0
Enterococcus faecium,PDR,All,2019,0.0,0.0,41,24,3,1,0.0
Enterococcus faecium,PDR,All,2020,0.0,,73,0,6,0,
Enterococcus faecium,PDR,All,2021,0.0,0.0,100,13,7,1,0.0
Enterococcus faecium,PDR,All,2022,0.0,0.0,137,31,9,2,0.0
Enterococcus faecium,PDR,All,2023,0.0,0.0,71,15,5,1,0.0
Enterococcus faecium,PDR,All,2024,0.0,0.0,86,15,7,1,0.0
Enterococcus faecium,PDR,Pediatric,2007,0.0,,12,0,1,0,
Enterococcus faecium,PDR,Elderly,2004,0.0,,56,0,1,0,
Enterococcus faecium,PDR,Elderly,2005,0.0,,58,0,1,0,
Enterococcus faecium,PDR,Elderly,2006,0.0,,86,0,4,0,
Enterococcus faecium,PDR,Elderly,2007,0.0,,57,0,2,0,
Enterococcus faecium,PDR,Elderly,2008,0.0,,87,0,5,0,
Enterococcus faecium,PDR,Elderly,2009,1.09,,92,0,5,0,
Enterococcus faecium,PDR,Elderly,2010,0.0,,86,0,6,0,
Enterococcus faecium,PDR,Elderly,2011,0.0,,83,0,5,0,
Enterococcus faecium,PDR,Elderly,2012,0.0,,76,0,4,0,
Enterococcus faecium,PDR,Elderly,2013,1.37,,73,0,4,0,
Enterococcus faecium,PDR,Elderly,2014,0.0,,134,0,7,0,
Enterococcus faecium,PDR,Elderly,2015,0.0,,48,0,3,0,
Enterococcus faecium,PDR,Elderly,2016,0.0,,55,0,4,0,
Enterococcus faecium,PDR,Elderly,2017,0.0,,43,0,3,0,
Enterococcus faecium,PDR,Elderly,2018,0.0,0.0,38,12,3,1,0.0
Enterococcus faecium,PDR,Elderly,2019,0.0,0.0,41,24,3,1,0.0
Enterococcus faecium,PDR,Elderly,2020,0.0,,73,0,6,0,
Enterococcus faecium,PDR,Elderly,2021,0.0,0.0,100,13,7,1,0.0
Enterococcus faecium,PDR,Elderly,2022,0.0,0.0,137,31,9,2,0.0
Enterococcus faecium,PDR,Elderly,2023,0.0,0.0,71,15,5,1,0.0
Enterococcus faecium,PDR,Elderly,2024,0.0,0.0,86,15,7,1,0.0
Staphylococcus epidermidis,MDR,All,2012,0.0,,50,0,2,0,
Staphylococcus epidermidis,MDR,All,2013,0.0,,79,0,3,0,
Staphylococcus epidermidis,MDR,All,2014,26.92,,156,0,8,0,
Staphylococcus epidermidis,MDR,All,2015,24.24,,264,0,8,0,
Staphylococcus epidermidis,MDR,All,2016,40.29,,139,0,8,0,
Staphylococcus epidermidis,MDR,All,2017,46.62,57.14,148,14,9,1,10.52
Staphylococcus epidermidis,MDR,All,2018,60.23,58.62,88,58,5,4,-1.61
Staphylococcus epidermidis,MDR,All,2019,66.67,67.31,93,52,5,4,0.64
Staphylococcus epidermidis,MDR,All,2020,62.5,57.14,144,49,8,3,-5.36
Staphylococcus epidermidis,MDR,All,2021,62.11,65.0,190,20,10,2,2.89
Staphylococcus epidermidis,MDR,All,2022,56.03,59.09,116,22,7,2,3.06
Staphylococcus epidermidis,MDR,All,2023,63.03,80.95,119,21,7,2,17.92
Staphylococcus epidermidis,MDR,All,2024,67.26,46.43,113,28,6,2,-20.83
Staphylococcus epidermidis,MDR,Pediatric,2014,18.75,,16,0,1,0,
Staphylococcus epidermidis,MDR,Pediatric,2015,20.0,,30,0,2,0,
Staphylococcus epidermidis,MDR,Pediatric,2017,50.0,,10,0,1,0,
Staphylococcus epidermidis,MDR,Pediatric,2018,,47.83,0,23,0,2,
Staphylococcus epidermidis,MDR,Pediatric,2019,72.73,71.43,11,14,1,1,-1.3
Staphylococcus epidermidis,MDR,Pediatric,2024,,36.36,0,11,0,1,
Staphylococcus epidermidis,MDR,Elderly,2012,0.0,,50,0,2,0,
Staphylococcus epidermidis,MDR,Elderly,2013,0.0,,79,0,3,0,
Staphylococcus epidermidis,MDR,Elderly,2014,27.86,,140,0,8,0,
Staphylococcus epidermidis,MDR,Elderly,2015,24.79,,234,0,8,0,
Staphylococcus epidermidis,MDR,Elderly,2016,39.57,,139,0,8,0,
Staphylococcus epidermidis,MDR,Elderly,2017,45.65,50.0,138,14,9,1,4.35
Staphylococcus epidermidis,MDR,Elderly,2018,60.23,62.86,88,35,5,3,2.63
Staphylococcus epidermidis,MDR,Elderly,2019,65.85,60.53,82,38,5,3,-5.32
Staphylococcus epidermidis,MDR,Elderly,2020,62.5,57.14,144,49,8,3,-5.36
Staphylococcus epidermidis,MDR,Elderly,2021,62.11,65.0,190,20,10,2,2.89
Staphylococcus epidermidis,MDR,Elderly,2022,56.03,59.09,116,22,7,2,3.06
Staphylococcus epidermidis,MDR,Elderly,2023,63.03,80.95,119,21,7,2,17.92
Staphylococcus epidermidis,MDR,Elderly,2024,66.37,47.06,113,17,6,1,-19.31
Staphylococcus epidermidis,XDR,All,2012,0.0,,50,0,2,0,
Staphylococcus epidermidis,XDR,All,2013,0.0,,79,0,3,0,
Staphylococcus epidermidis,XDR,All,2014,0.0,,156,0,8,0,
Staphylococcus epidermidis,XDR,All,2015,0.0,,264,0,8,0,
Staphylococcus epidermidis,XDR,All,2016,0.0,,139,0,8,0,
Staphylococcus epidermidis,XDR,All,2017,0.0,0.0,148,14,9,1,0.0
Staphylococcus epidermidis,XDR,All,2018,0.0,0.0,88,58,5,4,0.0
Staphylococcus epidermidis,XDR,All,2019,1.08,0.0,93,52,5,4,-1.08
Staphylococcus epidermidis,XDR,All,2020,0.0,0.0,144,49,8,3,0.0
Staphylococcus epidermidis,XDR,All,2021,0.53,0.0,190,20,10,2,-0.53
Staphylococcus epidermidis,XDR,All,2022,0.0,0.0,116,22,7,2,0.0
Staphylococcus epidermidis,XDR,All,2023,0.0,0.0,119,21,7,2,0.0
Staphylococcus epidermidis,XDR,All,2024,0.0,0.0,113,28,6,2,0.0
Staphylococcus epidermidis,XDR,Pediatric,2014,0.0,,16,0,1,0,
Staphylococcus epidermidis,XDR,Pediatric,2015,0.0,,30,0,2,0,
Staphylococcus epidermidis,XDR,Pediatric,2017,0.0,,10,0,1,0,
Staphylococcus epidermidis,XDR,Pediatric,2018,,0.0,0,23,0,2,
Staphylococcus epidermidis,XDR,Pediatric,2019,0.0,0.0,11,14,1,1,0.0
Staphylococcus epidermidis,XDR,Pediatric,2024,,0.0,0,11,0,1,
Staphylococcus epidermidis,XDR,Elderly,2012,0.0,,50,0,2,0,
Staphylococcus epidermidis,XDR,Elderly,2013,0.0,,79,0,3,0,
Staphylococcus epidermidis,XDR,Elderly,2014,0.0,,140,0,8,0,
Staphylococcus epidermidis,XDR,Elderly,2015,0.0,,234,0,8,0,
Staphylococcus epidermidis,XDR,Elderly,2016,0.0,,139,0,8,0,
Staphylococcus epidermidis,XDR,Elderly,2017,0.0,0.0,138,14,9,1,0.0
Staphylococcus epidermidis,XDR,Elderly,2018,0.0,0.0,88,35,5,3,0.0
Staphylococcus epidermidis,XDR,Elderly,2019,0.0,0.0,82,38,5,3,0.0
Staphylococcus epidermidis,XDR,Elderly,2020,0.0,0.0,144,49,8,3,0.0
Staphylococcus epidermidis,XDR,Elderly,2021,0.53,0.0,190,20,10,2,-0.53
Staphylococcus epidermidis,XDR,Elderly,2022,0.0,0.0,116,22,7,2,0.0
Staphylococcus epidermidis,XDR,Elderly,2023,0.0,0.0,119,21,7,2,0.0
Staphylococcus epidermidis,XDR,Elderly,2024,0.0,0.0,113,17,6,1,0.0
Staphylococcus epidermidis,PDR,All,2012,0.0,,50,0,2,0,
Staphylococcus epidermidis,PDR,All,2013,0.0,,79,0,3,0,
Staphylococcus epidermidis,PDR,All,2014,0.0,,156,0,8,0,
Staphylococcus epidermidis,PDR,All,2015,0.0,,264,0,8,0,
Staphylococcus epidermidis,PDR,All,2016,0.0,,139,0,8,0,
Staphylococcus epidermidis,PDR,All,2017,0.0,0.0,148,14,9,1,0.0
Staphylococcus epidermidis,PDR,All,2018,0.0,0.0,88,58,5,4,0.0
Staphylococcus epidermidis,PDR,All,2019,0.0,0.0,93,52,5,4,0.0
Staphylococcus epidermidis,PDR,All,2020,0.0,0.0,144,49,8,3,0.0
Staphylococcus epidermidis,PDR,All,2021,0.0,0.0,190,20,10,2,0.0
Staphylococcus epidermidis,PDR,All,2022,0.0,0.0,116,22,7,2,0.0
Staphylococcus epidermidis,PDR,All,2023,0.0,0.0,119,21,7,2,0.0
Staphylococcus epidermidis,PDR,All,2024,0.0,0.0,113,28,6,2,0.0
Staphylococcus epidermidis,PDR,Pediatric,2014,0.0,,16,0,1,0,
Staphylococcus epidermidis,PDR,Pediatric,2015,0.0,,30,0,2,0,
Staphylococcus epidermidis,PDR,Pediatric,2017,0.0,,10,0,1,0,
Staphylococcus epidermidis,PDR,Pediatric,2018,,0.0,0,23,0,2,
Staphylococcus epidermidis,PDR,Pediatric,2019,0.0,0.0,11,14,1,1,0.0
Staphylococcus epidermidis,PDR,Pediatric,2024,,0.0,0,11,0,1,
Staphylococcus epidermidis,PDR,Elderly,2012,0.0,,50,0,2,0,
Staphylococcus epidermidis,PDR,Elderly,2013,0.0,,79,0,3,0,
Staphylococcus epidermidis,PDR,Elderly,2014,0.0,,140,0,8,0,
Staphylococcus epidermidis,PDR,Elderly,2015,0.0,,234,0,8,0,
Staphylococcus epidermidis,PDR,Elderly,2016,0.0,,139,0,8,0,
Staphylococcus epidermidis,PDR,Elderly,2017,0.0,0.0,138,14,9,1,0.0
Staphylococcus epidermidis,PDR,Elderly,2018,0.0,0.0,88,35,5,3,0.0
Staphylococcus epidermidis,PDR,Elderly,2019,0.0,0.0,82,38,5,3,0.0
Staphylococcus epidermidis,PDR,Elderly,2020,0.0,0.0,144,49,8,3,0.0
Staphylococcus epidermidis,PDR,Elderly,2021,0.0,0.0,190,20,10,2,0.0
Staphylococcus epidermidis,PDR,Elderly,2022,0.0,0.0,116,22,7,2,0.0
Staphylococcus epidermidis,PDR,Elderly,2023,0.0,0.0,119,21,7,2,0.0
Staphylococcus epidermidis,PDR,Elderly,2024,0.0,0.0,113,17,6,1,0.0
Serratia marcescens,MDR,All,2004,12.5,,48,0,1,0,
Serratia marcescens,MDR,All,2005,20.83,,72,0,1,0,
Serratia marcescens,MDR,All,2006,16.88,,77,0,4,0,
Serratia marcescens,MDR,All,2007,15.65,,115,0,4,0,
Serratia marcescens,MDR,All,2008,16.47,45.45,85,11,4,1,28.98
Serratia marcescens,MDR,All,2009,26.47,,102,0,6,0,
Serratia marcescens,MDR,All,2010,33.33,,57,0,3,0,
Serratia marcescens,MDR,All,2011,12.79,,86,0,3,0,
Serratia marcescens,MDR,All,2012,14.71,,68,0,4,0,
Serratia marcescens,MDR,All,2013,6.49,,77,0,5,0,
Serratia marcescens,MDR,All,2014,13.41,,82,0,4,0,
Serratia marcescens,MDR,All,2015,7.5,,40,0,3,0,
Serratia marcescens,MDR,All,2016,4.29,30.0,70,10,5,1,25.71
Serratia marcescens,MDR,All,2017,6.25,,16,0,1,0,
Serratia marcescens,MDR,All,2018,80.0,,10,0,1,0,
Serratia marcescens,MDR,All,2019,60.0,100.0,25,17,2,1,40.0
Serratia marcescens,MDR,All,2020,38.46,,26,0,2,0,
Serratia marcescens,MDR,All,2021,70.0,,10,0,1,0,
Serratia marcescens,MDR,All,2022,80.0,,10,0,1,0,
Serratia marcescens,MDR,Pediatric,2005,13.64,,22,0,1,0,
Serratia marcescens,MDR,Pediatric,2007,0.0,,15,0,1,0,
Serratia marcescens,MDR,Elderly,2004,12.5,,48,0,1,0,
Serratia marcescens,MDR,Elderly,2005,22.0,,50,0,1,0,
Serratia marcescens,MDR,Elderly,2006,15.58,,77,0,4,0,
Serratia marcescens,MDR,Elderly,2007,17.0,,100,0,4,0,
Serratia marcescens,MDR,Elderly,2008,16.47,36.36,85,11,4,1,19.89
Serratia marcescens,MDR,Elderly,2009,25.49,,102,0,6,0,
Serratia marcescens,MDR,Elderly,2010,33.33,,57,0,3,0,
Serratia marcescens,MDR,Elderly,2011,11.63,,86,0,3,0,
Serratia marcescens,MDR,Elderly,2012,13.24,,68,0,4,0,
Serratia marcescens,MDR,Elderly,2013,6.49,,77,0,5,0,
Serratia marcescens,MDR,Elderly,2014,13.41,,82,0,4,0,
Serratia marcescens,MDR,Elderly,2015,5.0,,40,0,3,0,
Serratia marcescens,MDR,Elderly,2016,4.29,30.0,70,10,5,1,25.71
Serratia marcescens,MDR,Elderly,2017,6.25,,16,0,1,0,
Serratia marcescens,MDR,Elderly,2018,80.0,,10,0,1,0,
Serratia marcescens,MDR,Elderly,2019,60.0,100.0,25,17,2,1,40.0
Serratia marcescens,MDR,Elderly,2020,34.62,,26,0,2,0,
Serratia marcescens,MDR,Elderly,2021,70.0,,10,0,1,0,
Serratia marcescens,MDR,Elderly,2022,80.0,,10,0,1,0,
Serratia marcescens,XDR,All,2004,10.42,,48,0,1,0,
Serratia marcescens,XDR,All,2005,5.56,,72,0,1,0,
Serratia marcescens,XDR,All,2006,7.79,,77,0,4,0,
Serratia marcescens,XDR,All,2007,6.96,,115,0,4,0,
Serratia marcescens,XDR,All,2008,8.24,36.36,85,11,4,1,28.12
Serratia marcescens,XDR,All,2009,12.75,,102,0,6,0,
Serratia marcescens,XDR,All,2010,19.3,,57,0,3,0,
Serratia marcescens,XDR,All,2011,5.81,,86,0,3,0,
Serratia marcescens,XDR,All,2012,2.94,,68,0,4,0,
Serratia marcescens,XDR,All,2013,3.9,,77,0,5,0,
Serratia marcescens,XDR,All,2014,3.66,,82,0,4,0,
Serratia marcescens,XDR,All,2015,2.5,,40,0,3,0,
Serratia marcescens,XDR,All,2016,1.43,20.0,70,10,5,1,18.57
Serratia marcescens,XDR,All,2017,0.0,,16,0,1,0,
Serratia marcescens,XDR,All,2018,0.0,,10,0,1,0,
Serratia marcescens,XDR,All,2019,0.0,5.88,25,17,2,1,5.88
Serratia marcescens,XDR,All,2020,0.0,,26,0,2,0,
Serratia marcescens,XDR,All,2021,0.0,,10,0,1,0,
Serratia marcescens,XDR,All,2022,0.0,,10,0,1,0,
Serratia marcescens,XDR,Pediatric,2005,4.55,,22,0,1,0,
Serratia marcescens,XDR,Pediatric,2007,0.0,,15,0,1,0,
Serratia marcescens,XDR,Elderly,2004,10.42,,48,0,1,0,
Serratia marcescens,XDR,Elderly,2005,4.0,,50,0,1,0,
Serratia marcescens,XDR,Elderly,2006,7.79,,77,0,4,0,
Serratia marcescens,XDR,Elderly,2007,7.0,,100,0,4,0,
Serratia marcescens,XDR,Elderly,2008,7.06,27.27,85,11,4,1,20.21
Serratia marcescens,XDR,Elderly,2009,12.75,,102,0,6,0,
Serratia marcescens,XDR,Elderly,2010,17.54,,57,0,3,0,
Serratia marcescens,XDR,Elderly,2011,5.81,,86,0,3,0,
Serratia marcescens,XDR,Elderly,2012,1.47,,68,0,4,0,
Serratia marcescens,XDR,Elderly,2013,3.9,,77,0,5,0,
Serratia marcescens,XDR,Elderly,2014,3.66,,82,0,4,0,
Serratia marcescens,XDR,Elderly,2015,2.5,,40,0,3,0,
Serratia marcescens,XDR,Elderly,2016,0.0,20.0,70,10,5,1,20.0
Serratia marcescens,XDR,Elderly,2017,0.0,,16,0,1,0,
Serratia marcescens,XDR,Elderly,2018,0.0,,10,0,1,0,
Serratia marcescens,XDR,Elderly,2019,0.0,0.0,25,17,2,1,0.0
Serratia marcescens,XDR,Elderly,2020,0.0,,26,0,2,0,
Serratia marcescens,XDR,Elderly,2021,0.0,,10,0,1,0,
Serratia marcescens,XDR,Elderly,2022,0.0,,10,0,1,0,
Serratia marcescens,PDR,All,2004,2.08,,48,0,1,0,
Serratia marcescens,PDR,All,2005,0.0,,72,0,1,0,
Serratia marcescens,PDR,All,2006,0.0,,77,0,4,0,
Serratia marcescens,PDR,All,2007,1.74,,115,0,4,0,
Serratia marcescens,PDR,All,2008,0.0,9.09,85,11,4,1,9.09
Serratia marcescens,PDR,All,2009,0.0,,102,0,6,0,
Serratia marcescens,PDR,All,2010,0.0,,57,0,3,0,
Serratia marcescens,PDR,All,2011,0.0,,86,0,3,0,
Serratia marcescens,PDR,All,2012,0.0,,68,0,4,0,
Serratia marcescens,PDR,All,2013,0.0,,77,0,5,0,
Serratia marcescens,PDR,All,2014,0.0,,82,0,4,0,
Serratia marcescens,PDR,All,2015,0.0,,40,0,3,0,
Serratia marcescens,PDR,All,2016,0.0,10.0,70,10,5,1,10.0
Serratia marcescens,PDR,All,2017,0.0,,16,0,1,0,
Serratia marcescens,PDR,All,2018,0.0,,10,0,1,0,
Serratia marcescens,PDR,All,2019,0.0,0.0,25,17,2,1,0.0
Serratia marcescens,PDR,All,2020,0.0,,26,0,2,0,
Serratia marcescens,PDR,All,2021,0.0,,10,0,1,0,
Serratia marcescens,PDR,All,2022,0.0,,10,0,1,0,
Serratia marcescens,PDR,Pediatric,2005,0.0,,22,0,1,0,
Serratia marcescens,PDR,Pediatric,2007,0.0,,15,0,1,0,
Serratia marcescens,PDR,Elderly,2004,0.0,,48,0,1,0,
Serratia marcescens,PDR,Elderly,2005,0.0,,50,0,1,0,
Serratia marcescens,PDR,Elderly,2006,0.0,,77,0,4,0,
Serratia marcescens,PDR,Elderly,2007,1.0,,100,0,4,0,
Serratia marcescens,PDR,Elderly,2008,0.0,0.0,85,11,4,1,0.0
Serratia marcescens,PDR,Elderly,2009,0.0,,102,0,6,0,
Serratia marcescens,PDR,Elderly,2010,0.0,,57,0,3,0,
Serratia marcescens,PDR,Elderly,2011,0.0,,86,0,3,0,
Serratia marcescens,PDR,Elderly,2012,0.0,,68,0,4,0,
Serratia marcescens,PDR,Elderly,2013,0.0,,77,0,5,0,
Serratia marcescens,PDR,Elderly,2014,0.0,,82,0,4,0,
Serratia marcescens,PDR,Elderly,2015,0.0,,40,0,3,0,
Serratia marcescens,PDR,Elderly,2016,0.0,10.0,70,10,5,1,10.0
Serratia marcescens,PDR,Elderly,2017,0.0,,16,0,1,0,
Serratia marcescens,PDR,Elderly,2018,0.0,,10,0,1,0,
Serratia marcescens,PDR,Elderly,2019,0.0,0.0,25,17,2,1,0.0
Serratia marcescens,PDR,Elderly,2020,0.0,,26,0,2,0,
Serratia marcescens,PDR,Elderly,2021,0.0,,10,0,1,0,
Serratia marcescens,PDR,Elderly,2022,0.0,,10,0,1,0,
Citrobacter koseri,MDR,All,2013,0.0,,10,0,1,0,
Citrobacter koseri,MDR,All,2016,0.0,,11,0,1,0,
Citrobacter koseri,MDR,All,2023,10.0,,10,0,1,0,
Citrobacter koseri,MDR,Elderly,2013,0.0,,10,0,1,0,
Citrobacter koseri,MDR,Elderly,2016,0.0,,11,0,1,0,
Citrobacter koseri,MDR,Elderly,2023,10.0,,10,0,1,0,
Citrobacter koseri,XDR,All,2013,0.0,,10,0,1,0,
Citrobacter koseri,XDR,All,2016,0.0,,11,0,1,0,
Citrobacter koseri,XDR,All,2023,0.0,,10,0,1,0,
Citrobacter koseri,XDR,Elderly,2013,0.0,,10,0,1,0,
Citrobacter koseri,XDR,Elderly,2016,0.0,,11,0,1,0,
Citrobacter koseri,XDR,Elderly,2023,0.0,,10,0,1,0,
Citrobacter koseri,PDR,All,2013,0.0,,10,0,1,0,
Citrobacter koseri,PDR,All,2016,0.0,,11,0,1,0,
Citrobacter koseri,PDR,All,2023,0.0,,10,0,1,0,
Citrobacter koseri,PDR,Elderly,2013,0.0,,10,0,1,0,
Citrobacter koseri,PDR,Elderly,2016,0.0,,11,0,1,0,
Citrobacter koseri,PDR,Elderly,2023,0.0,,10,0,1,0,
Streptococcus pneumoniae,MDR,All,2004,25.76,,132,0,1,0,
Streptococcus pneumoniae,MDR,All,2005,14.43,14.29,194,14,1,1,-0.14
Streptococcus pneumoniae,MDR,All,2006,14.72,,231,0,5,0,
Streptococcus pneumoniae,MDR,All,2007,9.96,0.0,241,14,4,1,-9.96
Streptococcus pneumoniae,MDR,All,2008,9.95,0.0,211,11,6,1,-9.95
Streptococcus pneumoniae,MDR,All,2009,14.77,34.48,237,29,6,2,19.71
Streptococcus pneumoniae,MDR,All,2010,10.29,,175,0,6,0,
Streptococcus pneumoniae,MDR,All,2011,15.0,,180,0,6,0,
Streptococcus pneumoniae,MDR,All,2012,15.61,18.18,173,11,6,1,2.57
Streptococcus pneumoniae,MDR,All,2013,16.29,,221,0,8,0,
Streptococcus pneumoniae,MDR,All,2014,10.36,27.27,444,11,12,1,16.91
Streptococcus pneumoniae,MDR,All,2015,11.05,8.33,353,12,11,1,-2.72
Streptococcus pneumoniae,MDR,All,2016,15.32,8.0,385,25,14,2,-7.32
Streptococcus pneumoniae,MDR,All,2017,9.41,7.14,372,14,14,1,-2.27
Streptococcus pneumoniae,MDR,All,2018,9.68,,124,0,7,0,
Streptococcus pneumoniae,MDR,All,2019,7.37,,285,0,11,0,
Streptococcus pneumoniae,MDR,All,2020,8.05,,236,0,12,0,
Streptococcus pneumoniae,MDR,All,2021,10.16,80.0,128,10,7,1,69.84
Streptococcus pneumoniae,MDR,All,2022,14.1,,156,0,9,0,
Streptococcus pneumoniae,MDR,All,2023,7.82,,179,0,11,0,
Streptococcus pneumoniae,MDR,All,2024,10.87,,138,0,8,0,
Streptococcus pneumoniae,MDR,Pediatric,2004,22.86,,35,0,1,0,
Streptococcus pneumoniae,MDR,Pediatric,2005,15.52,,58,0,1,0,
Streptococcus pneumoniae,MDR,Pediatric,2006,22.81,,57,0,2,0,
Streptococcus pneumoniae,MDR,Pediatric,2007,16.67,,36,0,1,0,
Streptococcus pneumoniae,MDR,Pediatric,2008,17.5,0.0,40,11,3,1,-17.5
Streptococcus pneumoniae,MDR,Pediatric,2009,10.14,31.03,69,29,4,2,20.89
Streptococcus pneumoniae,MDR,Pediatric,2010,6.45,,31,0,2,0,
Streptococcus pneumoniae,MDR,Pediatric,2011,12.5,,24,0,1,0,
Streptococcus pneumoniae,MDR,Pediatric,2012,25.0,9.09,16,11,1,1,-15.91
Streptococcus pneumoniae,MDR,Pediatric,2013,26.67,,15,0,1,0,
Streptococcus pneumoniae,MDR,Pediatric,2014,7.14,,42,0,3,0,
Streptococcus pneumoniae,MDR,Pediatric,2015,13.79,,29,0,2,0,
Streptococcus pneumoniae,MDR,Pediatric,2016,26.19,,42,0,3,0,
Streptococcus pneumoniae,MDR,Pediatric,2017,30.0,,10,0,1,0,
Streptococcus pneumoniae,MDR,Pediatric,2019,10.0,,10,0,1,0,
Streptococcus pneumoniae,MDR,Pediatric,2021,,80.0,0,10,0,1,
Streptococcus pneumoniae,MDR,Elderly,2004,24.74,,97,0,1,0,
Streptococcus pneumoniae,MDR,Elderly,2005,13.24,14.29,136,14,1,1,1.05
Streptococcus pneumoniae,MDR,Elderly,2006,11.49,,174,0,5,0,
Streptococcus pneumoniae,MDR,Elderly,2007,8.29,0.0,205,14,4,1,-8.29
Streptococcus pneumoniae,MDR,Elderly,2008,7.6,,171,0,5,0,
Streptococcus pneumoniae,MDR,Elderly,2009,15.48,,168,0,6,0,
Streptococcus pneumoniae,MDR,Elderly,2010,9.72,,144,0,6,0,
Streptococcus pneumoniae,MDR,Elderly,2011,15.38,,156,0,6,0,
Streptococcus pneumoniae,MDR,Elderly,2012,14.01,,157,0,6,0,
Streptococcus pneumoniae,MDR,Elderly,2013,14.56,,206,0,8,0,
Streptococcus pneumoniae,MDR,Elderly,2014,10.45,18.18,402,11,12,1,7.73
Streptococcus pneumoniae,MDR,Elderly,2015,10.49,0.0,324,12,11,1,-10.49
Streptococcus pneumoniae,MDR,Elderly,2016,13.41,4.0,343,25,14,2,-9.41
Streptococcus pneumoniae,MDR,Elderly,2017,8.56,0.0,362,14,13,1,-8.56
Streptococcus pneumoniae,MDR,Elderly,2018,8.87,,124,0,7,0,
Streptococcus pneumoniae,MDR,Elderly,2019,7.27,,275,0,11,0,
Streptococcus pneumoniae,MDR,Elderly,2020,7.63,,236,0,12,0,
Streptococcus pneumoniae,MDR,Elderly,2021,9.38,,128,0,7,0,
Streptococcus pneumoniae,MDR,Elderly,2022,14.1,,156,0,9,0,
Streptococcus pneumoniae,MDR,Elderly,2023,7.26,,179,0,11,0,
Streptococcus pneumoniae,MDR,Elderly,2024,10.87,,138,0,8,0,
Streptococcus pneumoniae,XDR,All,2004,0.0,,132,0,1,0,
Streptococcus pneumoniae,XDR,All,2005,0.0,0.0,194,14,1,1,0.0
Streptococcus pneumoniae,XDR,All,2006,0.0,,231,0,5,0,
Streptococcus pneumoniae,XDR,All,2007,0.0,0.0,241,14,4,1,0.0
Streptococcus pneumoniae,XDR,All,2008,0.0,0.0,211,11,6,1,0.0
Streptococcus pneumoniae,XDR,All,2009,0.0,0.0,237,29,6,2,0.0
Streptococcus pneumoniae,XDR,All,2010,0.0,,175,0,6,0,
Streptococcus pneumoniae,XDR,All,2011,0.0,,180,0,6,0,
Streptococcus pneumoniae,XDR,All,2012,0.0,0.0,173,11,6,1,0.0
Streptococcus pneumoniae,XDR,All,2013,0.0,,221,0,8,0,
Streptococcus pneumoniae,XDR,All,2014,0.0,0.0,444,11,12,1,0.0
Streptococcus pneumoniae,XDR,All,2015,0.0,0.0,353,12,11,1,0.0
Streptococcus pneumoniae,XDR,All,2016,0.0,0.0,385,25,14,2,0.0
Streptococcus pneumoniae,XDR,All,2017,0.0,0.0,372,14,14,1,0.0
Streptococcus pneumoniae,XDR,All,2018,0.0,,124,0,7,0,
Streptococcus pneumoniae,XDR,All,2019,0.0,,285,0,11,0,
Streptococcus pneumoniae,XDR,All,2020,0.0,,236,0,12,0,
Streptococcus pneumoniae,XDR,All,2021,0.0,0.0,128,10,7,1,0.0
Streptococcus pneumoniae,XDR,All,2022,0.0,,156,0,9,0,
Streptococcus pneumoniae,XDR,All,2023,0.0,,179,0,11,0,
Streptococcus pneumoniae,XDR,All,2024,0.0,,138,0,8,0,
Streptococcus pneumoniae,XDR,Pediatric,2004,0.0,,35,0,1,0,
Streptococcus pneumoniae,XDR,Pediatric,2005,0.0,,58,0,1,0,
Streptococcus pneumoniae,XDR,Pediatric,2006,0.0,,57,0,2,0,
Streptococcus pneumoniae,XDR,Pediatric,2007,0.0,,36,0,1,0,
Streptococcus pneumoniae,XDR,Pediatric,2008,0.0,0.0,40,11,3,1,0.0
Streptococcus pneumoniae,XDR,Pediatric,2009,0.0,0.0,69,29,4,2,0.0
Streptococcus pneumoniae,XDR,Pediatric,2010,0.0,,31,0,2,0,
Streptococcus pneumoniae,XDR,Pediatric,2011,0.0,,24,0,1,0,
Streptococcus pneumoniae,XDR,Pediatric,2012,0.0,0.0,16,11,1,1,0.0
Streptococcus pneumoniae,XDR,Pediatric,2013,0.0,,15,0,1,0,
Streptococcus pneumoniae,XDR,Pediatric,2014,0.0,,42,0,3,0,
Streptococcus pneumoniae,XDR,Pediatric,2015,0.0,,29,0,2,0,
Streptococcus pneumoniae,XDR,Pediatric,2016,0.0,,42,0,3,0,
Streptococcus pneumoniae,XDR,Pediatric,2017,0.0,,10,0,1,0,
Streptococcus pneumoniae,XDR,Pediatric,2019,0.0,,10,0,1,0,
Streptococcus pneumoniae,XDR,Pediatric,2021,,0.0,0,10,0,1,
Streptococcus pneumoniae,XDR,Elderly,2004,0.0,,97,0,1,0,
Streptococcus pneumoniae,XDR,Elderly,2005,0.0,0.0,136,14,1,1,0.0
Streptococcus pneumoniae,XDR,Elderly,2006,0.0,,174,0,5,0,
Streptococcus pneumoniae,XDR,Elderly,2007,0.0,0.0,205,14,4,1,0.0
Streptococcus pneumoniae,XDR,Elderly,2008,0.0,,171,0,5,0,
Streptococcus pneumoniae,XDR,Elderly,2009,0.0,,168,0,6,0,
Streptococcus pneumoniae,XDR,Elderly,2010,0.0,,144,0,6,0,
Streptococcus pneumoniae,XDR,Elderly,2011,0.0,,156,0,6,0,
Streptococcus pneumoniae,XDR,Elderly,2012,0.0,,157,0,6,0,
Streptococcus pneumoniae,XDR,Elderly,2013,0.0,,206,0,8,0,
Streptococcus pneumoniae,XDR,Elderly,2014,0.0,0.0,402,11,12,1,0.0
Streptococcus pneumoniae,XDR,Elderly,2015,0.0,0.0,324,12,11,1,0.0
Streptococcus pneumoniae,XDR,Elderly,2016,0.0,0.0,343,25,14,2,0.0
Streptococcus pneumoniae,XDR,Elderly,2017,0.0,0.0,362,14,13,1,0.0
Streptococcus pneumoniae,XDR,Elderly,2018,0.0,,124,0,7,0,
Streptococcus pneumoniae,XDR,Elderly,2019,0.0,,275,0,11,0,
Streptococcus pneumoniae,XDR,Elderly,2020,0.0,,236,0,12,0,
Streptococcus pneumoniae,XDR,Elderly,2021,0.0,,128,0,7,0,
Streptococcus pneumoniae,XDR,Elderly,2022,0.0,,156,0,9,0,
Streptococcus pneumoniae,XDR,Elderly,2023,0.0,,179,0,11,0,
Streptococcus pneumoniae,XDR,Elderly,2024,0.0,,138,0,8,0,
Streptococcus pneumoniae,PDR,All,2004,0.0,,132,0,1,0,
Streptococcus pneumoniae,PDR,All,2005,0.0,0.0,194,14,1,1,0.0
Streptococcus pneumoniae,PDR,All,2006,0.0,,231,0,5,0,
Streptococcus pneumoniae,PDR,All,2007,0.0,0.0,241,14,4,1,0.0
Streptococcus pneumoniae,PDR,All,2008,0.0,0.0,211,11,6,1,0.0
Streptococcus pneumoniae,PDR,All,2009,0.0,0.0,237,29,6,2,0.0
Streptococcus pneumoniae,PDR,All,2010,0.0,,175,0,6,0,
Streptococcus pneumoniae,PDR,All,2011,0.0,,180,0,6,0,
Streptococcus pneumoniae,PDR,All,2012,0.0,0.0,173,11,6,1,0.0
Streptococcus pneumoniae,PDR,All,2013,0.0,,221,0,8,0,
Streptococcus pneumoniae,PDR,All,2014,0.0,0.0,444,11,12,1,0.0
Streptococcus pneumoniae,PDR,All,2015,0.0,0.0,353,12,11,1,0.0
Streptococcus pneumoniae,PDR,All,2016,0.0,0.0,385,25,14,2,0.0
Streptococcus pneumoniae,PDR,All,2017,0.0,0.0,372,14,14,1,0.0
Streptococcus pneumoniae,PDR,All,2018,0.0,,124,0,7,0,
Streptococcus pneumoniae,PDR,All,2019,0.0,,285,0,11,0,
Streptococcus pneumoniae,PDR,All,2020,0.0,,236,0,12,0,
Streptococcus pneumoniae,PDR,All,2021,0.0,0.0,128,10,7,1,0.0
Streptococcus pneumoniae,PDR,All,2022,0.0,,156,0,9,0,
Streptococcus pneumoniae,PDR,All,2023,0.0,,179,0,11,0,
Streptococcus pneumoniae,PDR,All,2024,0.0,,138,0,8,0,
Streptococcus pneumoniae,PDR,Pediatric,2004,0.0,,35,0,1,0,
Streptococcus pneumoniae,PDR,Pediatric,2005,0.0,,58,0,1,0,
Streptococcus pneumoniae,PDR,Pediatric,2006,0.0,,57,0,2,0,
Streptococcus pneumoniae,PDR,Pediatric,2007,0.0,,36,0,1,0,
Streptococcus pneumoniae,PDR,Pediatric,2008,0.0,0.0,40,11,3,1,0.0
Streptococcus pneumoniae,PDR,Pediatric,2009,0.0,0.0,69,29,4,2,0.0
Streptococcus pneumoniae,PDR,Pediatric,2010,0.0,,31,0,2,0,
Streptococcus pneumoniae,PDR,Pediatric,2011,0.0,,24,0,1,0,
Streptococcus pneumoniae,PDR,Pediatric,2012,0.0,0.0,16,11,1,1,0.0
Streptococcus pneumoniae,PDR,Pediatric,2013,0.0,,15,0,1,0,
Streptococcus pneumoniae,PDR,Pediatric,2014,0.0,,42,0,3,0,
Streptococcus pneumoniae,PDR,Pediatric,2015,0.0,,29,0,2,0,
Streptococcus pneumoniae,PDR,Pediatric,2016,0.0,,42,0,3,0,
Streptococcus pneumoniae,PDR,Pediatric,2017,0.0,,10,0,1,0,
Streptococcus pneumoniae,PDR,Pediatric,2019,0.0,,10,0,1,0,
Streptococcus pneumoniae,PDR,Pediatric,2021,,0.0,0,10,0,1,
Streptococcus pneumoniae,PDR,Elderly,2004,0.0,,97,0,1,0,
Streptococcus pneumoniae,PDR,Elderly,2005,0.0,0.0,136,14,1,1,0.0
Streptococcus pneumoniae,PDR,Elderly,2006,0.0,,174,0,5,0,
Streptococcus pneumoniae,PDR,Elderly,2007,0.0,0.0,205,14,4,1,0.0
Streptococcus pneumoniae,PDR,Elderly,2008,0.0,,171,0,5,0,
Streptococcus pneumoniae,PDR,Elderly,2009,0.0,,168,0,6,0,
Streptococcus pneumoniae,PDR,Elderly,2010,0.0,,144,0,6,0,
Streptococcus pneumoniae,PDR,Elderly,2011,0.0,,156,0,6,0,
Streptococcus pneumoniae,PDR,Elderly,2012,0.0,,157,0,6,0,
Streptococcus pneumoniae,PDR,Elderly,2013,0.0,,206,0,8,0,
Streptococcus pneumoniae,PDR,Elderly,2014,0.0,0.0,402,11,12,1,0.0
Streptococcus pneumoniae,PDR,Elderly,2015,0.0,0.0,324,12,11,1,0.0
Streptococcus pneumoniae,PDR,Elderly,2016,0.0,0.0,343,25,14,2,0.0
Streptococcus pneumoniae,PDR,Elderly,2017,0.0,0.0,362,14,13,1,0.0
Streptococcus pneumoniae,PDR,Elderly,2018,0.0,,124,0,7,0,
Streptococcus pneumoniae,PDR,Elderly,2019,0.0,,275,0,11,0,
Streptococcus pneumoniae,PDR,Elderly,2020,0.0,,236,0,12,0,
Streptococcus pneumoniae,PDR,Elderly,2021,0.0,,128,0,7,0,
Streptococcus pneumoniae,PDR,Elderly,2022,0.0,,156,0,9,0,
Streptococcus pneumoniae,PDR,Elderly,2023,0.0,,179,0,11,0,
Streptococcus pneumoniae,PDR,Elderly,2024,0.0,,138,0,8,0,
Haemophilus influenzae,MDR,All,2004,0.0,,12,0,1,0,
Haemophilus influenzae,MDR,All,2005,2.56,,39,0,1,0,
Haemophilus influenzae,MDR,All,2006,0.0,,16,0,1,0,
Haemophilus influenzae,MDR,All,2007,0.0,,56,0,1,0,
Haemophilus influenzae,MDR,All,2008,4.0,,25,0,2,0,
Haemophilus influenzae,MDR,All,2009,3.45,,29,0,1,0,
Haemophilus influenzae,MDR,All,2010,0.0,,12,0,1,0,
Haemophilus influenzae,MDR,All,2012,0.0,,12,0,1,0,
Haemophilus influenzae,MDR,All,2013,0.0,,32,0,2,0,
Haemophilus influenzae,MDR,All,2014,0.0,,11,0,1,0,
Haemophilus influenzae,MDR,All,2016,0.0,,23,0,2,0,
Haemophilus influenzae,MDR,All,2023,0.0,,10,0,1,0,
Haemophilus influenzae,MDR,All,2024,0.0,,12,0,1,0,
Haemophilus influenzae,MDR,Pediatric,2005,0.0,,20,0,1,0,
Haemophilus influenzae,MDR,Pediatric,2007,0.0,,13,0,1,0,
Haemophilus influenzae,MDR,Elderly,2004,0.0,,12,0,1,0,
Haemophilus influenzae,MDR,Elderly,2005,0.0,,19,0,1,0,
Haemophilus influenzae,MDR,Elderly,2006,0.0,,16,0,1,0,
Haemophilus influenzae,MDR,Elderly,2007,0.0,,43,0,1,0,
Haemophilus influenzae,MDR,Elderly,2008,4.0,,25,0,2,0,
Haemophilus influenzae,MDR,Elderly,2009,3.45,,29,0,1,0,
Haemophilus influenzae,MDR,Elderly,2010,0.0,,12,0,1,0,
Haemophilus influenzae,MDR,Elderly,2012,0.0,,12,0,1,0,
Haemophilus influenzae,MDR,Elderly,2013,0.0,,32,0,2,0,
Haemophilus influenzae,MDR,Elderly,2014,0.0,,11,0,1,0,
Haemophilus influenzae,MDR,Elderly,2016,0.0,,23,0,2,0,
Haemophilus influenzae,MDR,Elderly,2023,0.0,,10,0,1,0,
Haemophilus influenzae,MDR,Elderly,2024,0.0,,12,0,1,0,
Haemophilus influenzae,XDR,All,2004,0.0,,12,0,1,0,
Haemophilus influenzae,XDR,All,2005,2.56,,39,0,1,0,
Haemophilus influenzae,XDR,All,2006,0.0,,16,0,1,0,
Haemophilus influenzae,XDR,All,2007,0.0,,56,0,1,0,
Haemophilus influenzae,XDR,All,2008,4.0,,25,0,2,0,
Haemophilus influenzae,XDR,All,2009,3.45,,29,0,1,0,
Haemophilus influenzae,XDR,All,2010,0.0,,12,0,1,0,
Haemophilus influenzae,XDR,All,2012,0.0,,12,0,1,0,
Haemophilus influenzae,XDR,All,2013,0.0,,32,0,2,0,
Haemophilus influenzae,XDR,All,2014,0.0,,11,0,1,0,
Haemophilus influenzae,XDR,All,2016,0.0,,23,0,2,0,
Haemophilus influenzae,XDR,All,2023,0.0,,10,0,1,0,
Haemophilus influenzae,XDR,All,2024,0.0,,12,0,1,0,
Haemophilus influenzae,XDR,Pediatric,2005,0.0,,20,0,1,0,
Haemophilus influenzae,XDR,Pediatric,2007,0.0,,13,0,1,0,
Haemophilus influenzae,XDR,Elderly,2004,0.0,,12,0,1,0,
Haemophilus influenzae,XDR,Elderly,2005,0.0,,19,0,1,0,
Haemophilus influenzae,XDR,Elderly,2006,0.0,,16,0,1,0,
Haemophilus influenzae,XDR,Elderly,2007,0.0,,43,0,1,0,
Haemophilus influenzae,XDR,Elderly,2008,4.0,,25,0,2,0,
Haemophilus influenzae,XDR,Elderly,2009,3.45,,29,0,1,0,
Haemophilus influenzae,XDR,Elderly,2010,0.0,,12,0,1,0,
Haemophilus influenzae,XDR,Elderly,2012,0.0,,12,0,1,0,
Haemophilus influenzae,XDR,Elderly,2013,0.0,,32,0,2,0,
Haemophilus influenzae,XDR,Elderly,2014,0.0,,11,0,1,0,
Haemophilus influenzae,XDR,Elderly,2016,0.0,,23,0,2,0,
Haemophilus influenzae,XDR,Elderly,2023,0.0,,10,0,1,0,
Haemophilus influenzae,XDR,Elderly,2024,0.0,,12,0,1,0,
Haemophilus influenzae,PDR,All,2004,0.0,,12,0,1,0,
Haemophilus influenzae,PDR,All,2005,0.0,,39,0,1,0,
Haemophilus influenzae,PDR,All,2006,0.0,,16,0,1,0,
Haemophilus influenzae,PDR,All,2007,0.0,,56,0,1,0,
Haemophilus influenzae,PDR,All,2008,0.0,,25,0,2,0,
Haemophilus influenzae,PDR,All,2009,0.0,,29,0,1,0,
Haemophilus influenzae,PDR,All,2010,0.0,,12,0,1,0,
Haemophilus influenzae,PDR,All,2012,0.0,,12,0,1,0,
Haemophilus influenzae,PDR,All,2013,0.0,,32,0,2,0,
Haemophilus influenzae,PDR,All,2014,0.0,,11,0,1,0,
Haemophilus influenzae,PDR,All,2016,0.0,,23,0,2,0,
Haemophilus influenzae,PDR,All,2023,0.0,,10,0,1,0,
Haemophilus influenzae,PDR,All,2024,0.0,,12,0,1,0,
Haemophilus influenzae,PDR,Pediatric,2005,0.0,,20,0,1,0,
Haemophilus influenzae,PDR,Pediatric,2007,0.0,,13,0,1,0,
Haemophilus influenzae,PDR,Elderly,2004,0.0,,12,0,1,0,
Haemophilus influenzae,PDR,Elderly,2005,0.0,,19,0,1,0,
Haemophilus influenzae,PDR,Elderly,2006,0.0,,16,0,1,0,
Haemophilus influenzae,PDR,Elderly,2007,0.0,,43,0,1,0,
Haemophilus influenzae,PDR,Elderly,2008,0.0,,25,0,2,0,
Haemophilus influenzae,PDR,Elderly,2009,0.0,,29,0,1,0,
Haemophilus influenzae,PDR,Elderly,2010,0.0,,12,0,1,0,
Haemophilus influenzae,PDR,Elderly,2012,0.0,,12,0,1,0,
Haemophilus influenzae,PDR,Elderly,2013,0.0,,32,0,2,0,
Haemophilus influenzae,PDR,Elderly,2014,0.0,,11,0,1,0,
Haemophilus influenzae,PDR,Elderly,2016,0.0,,23,0,2,0,
Haemophilus influenzae,PDR,Elderly,2023,0.0,,10,0,1,0,
Haemophilus influenzae,PDR,Elderly,2024,0.0,,12,0,1,0,
