Organism,Country,Total_Years,Valid_Years,Reason
Klebsiella pneumoniae,Austria,9,0,Fewer than 8 valid data points
Klebsiella pneumoniae,Bulgaria,7,1,Fewer than 8 valid data points
Klebsiella pneumoniae,Cameroon,4,1,Fewer than 8 valid data points
Klebsiella pneumoniae,Costa Rica,7,0,Fewer than 8 valid data points
Klebsiella pneumoniae,Dominican Republic,5,0,Fewer than 8 valid data points
Klebsiella pneumoniae,Egypt,1,0,Fewer than 8 valid data points
Klebsiella pneumoniae,El Salvador,2,0,Fewer than 8 valid data points
Klebsiella pneumoniae,Finland,3,0,Fewer than 8 valid data points
Klebsiella pneumoniae,Ghana,1,0,Fewer than 8 valid data points
Klebsiella pneumoniae,Guatemala,12,0,Fewer than 8 valid data points
Klebsiella pneumoniae,Honduras,3,0,Fewer than 8 valid data points
Klebsiella pneumoniae,Hong Kong,10,5,Fewer than 8 valid data points
Klebsiella pneumoniae,Ivory Coast,5,3,Fewer than 8 valid data points
Klebsiella pneumoniae,Jamaica,1,0,Fewer than 8 valid data points
Klebsiella pneumoniae,Japan,11,4,Fewer than 8 valid data points
Klebsiella pneumoniae,Jordan,12,0,Fewer than 8 valid data points
Klebsiella pneumoniae,Kenya,3,0,Fewer than 8 valid data points
Klebsiella pneumoniae,Kuwait,12,7,Fewer than 8 valid data points
Klebsiella pneumoniae,Latvia,7,2,Fewer than 8 valid data points
Klebsiella pneumoniae,Lithuania,10,6,Fewer than 8 valid data points
Klebsiella pneumoniae,Malawi,3,1,Fewer than 8 valid data points
Klebsiella pneumoniae,Malaysia,13,5,Fewer than 8 valid data points
Klebsiella pneumoniae,Mauritius,1,0,Fewer than 8 valid data points
Klebsiella pneumoniae,Morocco,12,6,Fewer than 8 valid data points
Klebsiella pneumoniae,Netherlands,16,0,Fewer than 8 valid data points
Klebsiella pneumoniae,New Zealand,6,5,Fewer than 8 valid data points
Klebsiella pneumoniae,Nigeria,8,6,Fewer than 8 valid data points
Klebsiella pneumoniae,Pakistan,4,0,Fewer than 8 valid data points
Klebsiella pneumoniae,Panama,13,5,Fewer than 8 valid data points
Klebsiella pneumoniae,Philippines,14,2,Fewer than 8 valid data points
Klebsiella pneumoniae,Puerto Rico,1,0,Fewer than 8 valid data points
Klebsiella pneumoniae,Qatar,6,0,Fewer than 8 valid data points
Klebsiella pneumoniae,Russia,5,2,Fewer than 8 valid data points
Klebsiella pneumoniae,Saudi Arabia,10,2,Fewer than 8 valid data points
Klebsiella pneumoniae,Serbia,1,0,Fewer than 8 valid data points
Klebsiella pneumoniae,Singapore,9,4,Fewer than 8 valid data points
Klebsiella pneumoniae,Slovak Republic,4,0,Fewer than 8 valid data points
Klebsiella pneumoniae,Slovenia,10,1,Fewer than 8 valid data points
Klebsiella pneumoniae,South Africa,14,7,Fewer than 8 valid data points
Klebsiella pneumoniae,Sweden,17,5,Fewer than 8 valid data points
Klebsiella pneumoniae,Switzerland,19,4,Fewer than 8 valid data points
Klebsiella pneumoniae,Thailand,12,5,Fewer than 8 valid data points
Klebsiella pneumoniae,Tunisia,2,0,Fewer than 8 valid data points
Klebsiella pneumoniae,Uganda,3,0,Fewer than 8 valid data points
Klebsiella pneumoniae,Ukraine,7,3,Fewer than 8 valid data points
Klebsiella pneumoniae,Venezuela,17,4,Fewer than 8 valid data points
Klebsiella pneumoniae,Vietnam,1,0,Fewer than 8 valid data points
Acinetobacter baumannii,Argentina,18,4,Fewer than 8 valid data points
Acinetobacter baumannii,Australia,13,0,Fewer than 8 valid data points
Acinetobacter baumannii,Austria,1,0,Fewer than 8 valid data points
Acinetobacter baumannii,Belgium,15,0,Fewer than 8 valid data points
Acinetobacter baumannii,Brazil,16,7,Fewer than 8 valid data points
Acinetobacter baumannii,Bulgaria,6,0,Fewer than 8 valid data points
Acinetobacter baumannii,Cameroon,1,0,Fewer than 8 valid data points
Acinetobacter baumannii,Canada,19,2,Fewer than 8 valid data points
Acinetobacter baumannii,Chile,14,0,Fewer than 8 valid data points
Acinetobacter baumannii,China,12,5,Fewer than 8 valid data points
Acinetobacter baumannii,Colombia,12,4,Fewer than 8 valid data points
Acinetobacter baumannii,Costa Rica,2,0,Fewer than 8 valid data points
Acinetobacter baumannii,Czech Republic,12,0,Fewer than 8 valid data points
Acinetobacter baumannii,Denmark,10,0,Fewer than 8 valid data points
Acinetobacter baumannii,Dominican Republic,1,0,Fewer than 8 valid data points
Acinetobacter baumannii,Germany,15,2,Fewer than 8 valid data points
Acinetobacter baumannii,Greece,18,6,Fewer than 8 valid data points
Acinetobacter baumannii,Guatemala,9,0,Fewer than 8 valid data points
Acinetobacter baumannii,Honduras,2,0,Fewer than 8 valid data points
Acinetobacter baumannii,Hong Kong,8,1,Fewer than 8 valid data points
Acinetobacter baumannii,Hungary,15,1,Fewer than 8 valid data points
Acinetobacter baumannii,India,12,6,Fewer than 8 valid data points
Acinetobacter baumannii,Indonesia,1,0,Fewer than 8 valid data points
Acinetobacter baumannii,Ireland,9,0,Fewer than 8 valid data points
Acinetobacter baumannii,Israel,15,4,Fewer than 8 valid data points
Acinetobacter baumannii,Ivory Coast,5,0,Fewer than 8 valid data points
Acinetobacter baumannii,Jamaica,1,0,Fewer than 8 valid data points
Acinetobacter baumannii,Japan,7,0,Fewer than 8 valid data points
Acinetobacter baumannii,Jordan,10,0,Fewer than 8 valid data points
Acinetobacter baumannii,Kenya,2,0,Fewer than 8 valid data points
Acinetobacter baumannii,"Korea, South",15,2,Fewer than 8 valid data points
Acinetobacter baumannii,Kuwait,12,2,Fewer than 8 valid data points
Acinetobacter baumannii,Latvia,7,0,Fewer than 8 valid data points
Acinetobacter baumannii,Lithuania,11,1,Fewer than 8 valid data points
Acinetobacter baumannii,Malawi,3,0,Fewer than 8 valid data points
Acinetobacter baumannii,Malaysia,12,0,Fewer than 8 valid data points
Acinetobacter baumannii,Mauritius,1,0,Fewer than 8 valid data points
Acinetobacter baumannii,Mexico,18,4,Fewer than 8 valid data points
Acinetobacter baumannii,Morocco,11,1,Fewer than 8 valid data points
Acinetobacter baumannii,Netherlands,4,0,Fewer than 8 valid data points
Acinetobacter baumannii,New Zealand,2,0,Fewer than 8 valid data points
Acinetobacter baumannii,Nicaragua,1,0,Fewer than 8 valid data points
Acinetobacter baumannii,Nigeria,6,0,Fewer than 8 valid data points
Acinetobacter baumannii,Oman,1,0,Fewer than 8 valid data points
Acinetobacter baumannii,Pakistan,5,0,Fewer than 8 valid data points
Acinetobacter baumannii,Panama,10,0,Fewer than 8 valid data points
Acinetobacter baumannii,Philippines,13,0,Fewer than 8 valid data points
Acinetobacter baumannii,Poland,16,2,Fewer than 8 valid data points
Acinetobacter baumannii,Portugal,16,0,Fewer than 8 valid data points
Acinetobacter baumannii,Puerto Rico,1,0,Fewer than 8 valid data points
Acinetobacter baumannii,Qatar,5,0,Fewer than 8 valid data points
Acinetobacter baumannii,Romania,13,3,Fewer than 8 valid data points
Acinetobacter baumannii,Russia,5,2,Fewer than 8 valid data points
Acinetobacter baumannii,Saudi Arabia,9,2,Fewer than 8 valid data points
Acinetobacter baumannii,Serbia,1,0,Fewer than 8 valid data points
Acinetobacter baumannii,Singapore,7,0,Fewer than 8 valid data points
Acinetobacter baumannii,Slovak Republic,1,0,Fewer than 8 valid data points
Acinetobacter baumannii,Slovenia,5,0,Fewer than 8 valid data points
Acinetobacter baumannii,South Africa,12,3,Fewer than 8 valid data points
Acinetobacter baumannii,Sweden,6,0,Fewer than 8 valid data points
Acinetobacter baumannii,Switzerland,7,0,Fewer than 8 valid data points
Acinetobacter baumannii,Taiwan,11,4,Fewer than 8 valid data points
Acinetobacter baumannii,Thailand,8,2,Fewer than 8 valid data points
Acinetobacter baumannii,Tunisia,2,0,Fewer than 8 valid data points
Acinetobacter baumannii,Turkey,14,6,Fewer than 8 valid data points
Acinetobacter baumannii,Uganda,1,0,Fewer than 8 valid data points
Acinetobacter baumannii,Ukraine,6,0,Fewer than 8 valid data points
Acinetobacter baumannii,United Kingdom,10,0,Fewer than 8 valid data points
Acinetobacter baumannii,Venezuela,12,0,Fewer than 8 valid data points
Escherichia coli,Austria,10,3,Fewer than 8 valid data points
Escherichia coli,Bulgaria,5,0,Fewer than 8 valid data points
Escherichia coli,Cameroon,5,0,Fewer than 8 valid data points
Escherichia coli,Costa Rica,7,4,Fewer than 8 valid data points
Escherichia coli,Dominican Republic,2,0,Fewer than 8 valid data points
Escherichia coli,Egypt,2,0,Fewer than 8 valid data points
Escherichia coli,El Salvador,1,0,Fewer than 8 valid data points
Escherichia coli,Finland,3,1,Fewer than 8 valid data points
Escherichia coli,Ghana,2,0,Fewer than 8 valid data points
Escherichia coli,Guatemala,11,0,Fewer than 8 valid data points
Escherichia coli,Honduras,2,0,Fewer than 8 valid data points
Escherichia coli,Hong Kong,12,6,Fewer than 8 valid data points
Escherichia coli,Ivory Coast,5,2,Fewer than 8 valid data points
Escherichia coli,Jamaica,1,0,Fewer than 8 valid data points
Escherichia coli,Japan,10,7,Fewer than 8 valid data points
Escherichia coli,Jordan,13,0,Fewer than 8 valid data points
Escherichia coli,Kenya,3,0,Fewer than 8 valid data points
Escherichia coli,Kuwait,12,2,Fewer than 8 valid data points
Escherichia coli,Latvia,11,4,Fewer than 8 valid data points
Escherichia coli,Lebanon,1,0,Fewer than 8 valid data points
Escherichia coli,Malawi,2,0,Fewer than 8 valid data points
Escherichia coli,Malaysia,11,5,Fewer than 8 valid data points
Escherichia coli,Mauritius,1,0,Fewer than 8 valid data points
Escherichia coli,Morocco,9,2,Fewer than 8 valid data points
Escherichia coli,New Zealand,6,4,Fewer than 8 valid data points
Escherichia coli,Nicaragua,1,0,Fewer than 8 valid data points
Escherichia coli,Nigeria,8,1,Fewer than 8 valid data points
Escherichia coli,Oman,1,0,Fewer than 8 valid data points
Escherichia coli,Pakistan,5,0,Fewer than 8 valid data points
Escherichia coli,Panama,14,1,Fewer than 8 valid data points
Escherichia coli,Philippines,14,7,Fewer than 8 valid data points
Escherichia coli,Qatar,6,3,Fewer than 8 valid data points
Escherichia coli,Russia,5,2,Fewer than 8 valid data points
Escherichia coli,Saudi Arabia,7,2,Fewer than 8 valid data points
Escherichia coli,Singapore,9,6,Fewer than 8 valid data points
Escherichia coli,Slovak Republic,3,0,Fewer than 8 valid data points
Escherichia coli,Slovenia,8,3,Fewer than 8 valid data points
Escherichia coli,South Africa,17,7,Fewer than 8 valid data points
Escherichia coli,Tunisia,3,0,Fewer than 8 valid data points
Escherichia coli,Uganda,3,0,Fewer than 8 valid data points
Escherichia coli,Ukraine,7,0,Fewer than 8 valid data points
Escherichia coli,Venezuela,16,5,Fewer than 8 valid data points
Escherichia coli,Vietnam,1,0,Fewer than 8 valid data points
Staphylococcus aureus,Australia,16,5,Fewer than 8 valid data points
Staphylococcus aureus,Austria,8,3,Fewer than 8 valid data points
Staphylococcus aureus,Bulgaria,5,0,Fewer than 8 valid data points
Staphylococcus aureus,Cameroon,1,0,Fewer than 8 valid data points
Staphylococcus aureus,Costa Rica,7,1,Fewer than 8 valid data points
Staphylococcus aureus,Denmark,18,7,Fewer than 8 valid data points
Staphylococcus aureus,Dominican Republic,4,0,Fewer than 8 valid data points
Staphylococcus aureus,El Salvador,1,0,Fewer than 8 valid data points
Staphylococcus aureus,Finland,3,0,Fewer than 8 valid data points
Staphylococcus aureus,Ghana,3,0,Fewer than 8 valid data points
Staphylococcus aureus,Guatemala,11,4,Fewer than 8 valid data points
Staphylococcus aureus,Honduras,3,0,Fewer than 8 valid data points
Staphylococcus aureus,Hong Kong,8,3,Fewer than 8 valid data points
Staphylococcus aureus,India,11,7,Fewer than 8 valid data points
Staphylococcus aureus,Ivory Coast,5,0,Fewer than 8 valid data points
Staphylococcus aureus,Jamaica,1,0,Fewer than 8 valid data points
Staphylococcus aureus,Jordan,13,0,Fewer than 8 valid data points
Staphylococcus aureus,Kenya,4,0,Fewer than 8 valid data points
Staphylococcus aureus,Kuwait,12,5,Fewer than 8 valid data points
Staphylococcus aureus,Latvia,10,3,Fewer than 8 valid data points
Staphylococcus aureus,Malawi,2,0,Fewer than 8 valid data points
Staphylococcus aureus,Malaysia,11,7,Fewer than 8 valid data points
Staphylococcus aureus,Mauritius,1,0,Fewer than 8 valid data points
Staphylococcus aureus,Morocco,10,4,Fewer than 8 valid data points
Staphylococcus aureus,Namibia,1,0,Fewer than 8 valid data points
Staphylococcus aureus,Netherlands,15,3,Fewer than 8 valid data points
Staphylococcus aureus,New Zealand,6,4,Fewer than 8 valid data points
Staphylococcus aureus,Nigeria,8,3,Fewer than 8 valid data points
Staphylococcus aureus,Norway,1,0,Fewer than 8 valid data points
Staphylococcus aureus,Oman,1,0,Fewer than 8 valid data points
Staphylococcus aureus,Pakistan,2,0,Fewer than 8 valid data points
Staphylococcus aureus,Panama,13,5,Fewer than 8 valid data points
Staphylococcus aureus,Philippines,15,6,Fewer than 8 valid data points
Staphylococcus aureus,Puerto Rico,1,0,Fewer than 8 valid data points
Staphylococcus aureus,Qatar,5,1,Fewer than 8 valid data points
Staphylococcus aureus,Russia,6,3,Fewer than 8 valid data points
Staphylococcus aureus,Saudi Arabia,9,2,Fewer than 8 valid data points
Staphylococcus aureus,Serbia,1,0,Fewer than 8 valid data points
Staphylococcus aureus,Singapore,8,3,Fewer than 8 valid data points
Staphylococcus aureus,Slovak Republic,3,0,Fewer than 8 valid data points
Staphylococcus aureus,Slovenia,10,2,Fewer than 8 valid data points
Staphylococcus aureus,Sweden,14,7,Fewer than 8 valid data points
Staphylococcus aureus,Switzerland,19,7,Fewer than 8 valid data points
Staphylococcus aureus,Thailand,13,6,Fewer than 8 valid data points
Staphylococcus aureus,Tunisia,3,0,Fewer than 8 valid data points
Staphylococcus aureus,Uganda,3,0,Fewer than 8 valid data points
Staphylococcus aureus,Ukraine,7,1,Fewer than 8 valid data points
Staphylococcus aureus,Venezuela,15,3,Fewer than 8 valid data points
Staphylococcus aureus,Vietnam,1,0,Fewer than 8 valid data points
Pseudomonas aeruginosa,Argentina,19,7,Fewer than 8 valid data points
Pseudomonas aeruginosa,Australia,18,6,Fewer than 8 valid data points
Pseudomonas aeruginosa,Austria,6,0,Fewer than 8 valid data points
Pseudomonas aeruginosa,Bulgaria,3,0,Fewer than 8 valid data points
Pseudomonas aeruginosa,Cameroon,4,0,Fewer than 8 valid data points
Pseudomonas aeruginosa,Chile,16,5,Fewer than 8 valid data points
Pseudomonas aeruginosa,Costa Rica,7,0,Fewer than 8 valid data points
Pseudomonas aeruginosa,Czech Republic,14,5,Fewer than 8 valid data points
Pseudomonas aeruginosa,Dominican Republic,4,0,Fewer than 8 valid data points
Pseudomonas aeruginosa,Egypt,1,0,Fewer than 8 valid data points
Pseudomonas aeruginosa,Finland,2,0,Fewer than 8 valid data points
Pseudomonas aeruginosa,Ghana,3,0,Fewer than 8 valid data points
Pseudomonas aeruginosa,Greece,18,6,Fewer than 8 valid data points
Pseudomonas aeruginosa,Guatemala,10,1,Fewer than 8 valid data points
Pseudomonas aeruginosa,Honduras,2,0,Fewer than 8 valid data points
Pseudomonas aeruginosa,Hong Kong,9,3,Fewer than 8 valid data points
Pseudomonas aeruginosa,Hungary,14,7,Fewer than 8 valid data points
Pseudomonas aeruginosa,Ireland,20,3,Fewer than 8 valid data points
Pseudomonas aeruginosa,Israel,15,4,Fewer than 8 valid data points
Pseudomonas aeruginosa,Ivory Coast,4,0,Fewer than 8 valid data points
Pseudomonas aeruginosa,Japan,11,2,Fewer than 8 valid data points
Pseudomonas aeruginosa,Jordan,10,0,Fewer than 8 valid data points
Pseudomonas aeruginosa,Kenya,2,0,Fewer than 8 valid data points
Pseudomonas aeruginosa,"Korea, South",15,5,Fewer than 8 valid data points
Pseudomonas aeruginosa,Kuwait,11,2,Fewer than 8 valid data points
Pseudomonas aeruginosa,Latvia,9,1,Fewer than 8 valid data points
Pseudomonas aeruginosa,Lithuania,9,2,Fewer than 8 valid data points
Pseudomonas aeruginosa,Malawi,2,0,Fewer than 8 valid data points
Pseudomonas aeruginosa,Malaysia,12,0,Fewer than 8 valid data points
Pseudomonas aeruginosa,Morocco,12,1,Fewer than 8 valid data points
Pseudomonas aeruginosa,Netherlands,11,1,Fewer than 8 valid data points
Pseudomonas aeruginosa,New Zealand,6,0,Fewer than 8 valid data points
Pseudomonas aeruginosa,Nigeria,8,0,Fewer than 8 valid data points
Pseudomonas aeruginosa,Oman,1,0,Fewer than 8 valid data points
Pseudomonas aeruginosa,Pakistan,3,0,Fewer than 8 valid data points
Pseudomonas aeruginosa,Panama,9,2,Fewer than 8 valid data points
Pseudomonas aeruginosa,Philippines,14,1,Fewer than 8 valid data points
Pseudomonas aeruginosa,Poland,14,3,Fewer than 8 valid data points
Pseudomonas aeruginosa,Qatar,5,1,Fewer than 8 valid data points
Pseudomonas aeruginosa,Romania,14,5,Fewer than 8 valid data points
Pseudomonas aeruginosa,Russia,3,1,Fewer than 8 valid data points
Pseudomonas aeruginosa,Saudi Arabia,9,2,Fewer than 8 valid data points
Pseudomonas aeruginosa,Serbia,1,0,Fewer than 8 valid data points
Pseudomonas aeruginosa,Singapore,8,1,Fewer than 8 valid data points
Pseudomonas aeruginosa,Slovak Republic,3,0,Fewer than 8 valid data points
Pseudomonas aeruginosa,Slovenia,9,2,Fewer than 8 valid data points
Pseudomonas aeruginosa,South Africa,13,5,Fewer than 8 valid data points
Pseudomonas aeruginosa,Sweden,15,1,Fewer than 8 valid data points
Pseudomonas aeruginosa,Switzerland,18,2,Fewer than 8 valid data points
Pseudomonas aeruginosa,Thailand,9,4,Fewer than 8 valid data points
Pseudomonas aeruginosa,Tunisia,2,0,Fewer than 8 valid data points
Pseudomonas aeruginosa,Turkey,14,5,Fewer than 8 valid data points
Pseudomonas aeruginosa,Uganda,2,0,Fewer than 8 valid data points
Pseudomonas aeruginosa,Ukraine,7,0,Fewer than 8 valid data points
Pseudomonas aeruginosa,Venezuela,14,5,Fewer than 8 valid data points
Enterobacter cloacae,Argentina,16,5,Fewer than 8 valid data points
Enterobacter cloacae,Australia,13,1,Fewer than 8 valid data points
Enterobacter cloacae,Austria,5,0,Fewer than 8 valid data points
Enterobacter cloacae,Belgium,17,0,Fewer than 8 valid data points
Enterobacter cloacae,Brazil,15,6,Fewer than 8 valid data points
Enterobacter cloacae,Bulgaria,2,0,Fewer than 8 valid data points
Enterobacter cloacae,Cameroon,1,0,Fewer than 8 valid data points
Enterobacter cloacae,Chile,14,0,Fewer than 8 valid data points
Enterobacter cloacae,China,13,4,Fewer than 8 valid data points
Enterobacter cloacae,Colombia,17,5,Fewer than 8 valid data points
Enterobacter cloacae,Costa Rica,1,0,Fewer than 8 valid data points
Enterobacter cloacae,Croatia,13,3,Fewer than 8 valid data points
Enterobacter cloacae,Czech Republic,11,0,Fewer than 8 valid data points
Enterobacter cloacae,Denmark,14,4,Fewer than 8 valid data points
Enterobacter cloacae,Egypt,1,0,Fewer than 8 valid data points
Enterobacter cloacae,El Salvador,1,0,Fewer than 8 valid data points
Enterobacter cloacae,Finland,1,0,Fewer than 8 valid data points
Enterobacter cloacae,Greece,15,1,Fewer than 8 valid data points
Enterobacter cloacae,Guatemala,7,0,Fewer than 8 valid data points
Enterobacter cloacae,Honduras,2,0,Fewer than 8 valid data points
Enterobacter cloacae,Hong Kong,9,1,Fewer than 8 valid data points
Enterobacter cloacae,Hungary,12,0,Fewer than 8 valid data points
Enterobacter cloacae,India,12,3,Fewer than 8 valid data points
Enterobacter cloacae,Ireland,15,2,Fewer than 8 valid data points
Enterobacter cloacae,Israel,12,3,Fewer than 8 valid data points
Enterobacter cloacae,Ivory Coast,3,0,Fewer than 8 valid data points
Enterobacter cloacae,Japan,7,0,Fewer than 8 valid data points
Enterobacter cloacae,Jordan,7,0,Fewer than 8 valid data points
Enterobacter cloacae,Kenya,1,0,Fewer than 8 valid data points
Enterobacter cloacae,"Korea, South",14,4,Fewer than 8 valid data points
Enterobacter cloacae,Kuwait,9,0,Fewer than 8 valid data points
Enterobacter cloacae,Latvia,8,0,Fewer than 8 valid data points
Enterobacter cloacae,Lithuania,6,0,Fewer than 8 valid data points
Enterobacter cloacae,Malaysia,8,0,Fewer than 8 valid data points
Enterobacter cloacae,Mauritius,1,0,Fewer than 8 valid data points
Enterobacter cloacae,Mexico,16,6,Fewer than 8 valid data points
Enterobacter cloacae,Morocco,11,1,Fewer than 8 valid data points
Enterobacter cloacae,Netherlands,15,0,Fewer than 8 valid data points
Enterobacter cloacae,New Zealand,2,0,Fewer than 8 valid data points
Enterobacter cloacae,Nigeria,5,0,Fewer than 8 valid data points
Enterobacter cloacae,Pakistan,6,0,Fewer than 8 valid data points
Enterobacter cloacae,Panama,10,0,Fewer than 8 valid data points
Enterobacter cloacae,Philippines,11,0,Fewer than 8 valid data points
Enterobacter cloacae,Poland,13,1,Fewer than 8 valid data points
Enterobacter cloacae,Portugal,16,3,Fewer than 8 valid data points
Enterobacter cloacae,Puerto Rico,1,0,Fewer than 8 valid data points
Enterobacter cloacae,Qatar,1,0,Fewer than 8 valid data points
Enterobacter cloacae,Romania,8,1,Fewer than 8 valid data points
Enterobacter cloacae,Russia,3,1,Fewer than 8 valid data points
Enterobacter cloacae,Saudi Arabia,8,2,Fewer than 8 valid data points
Enterobacter cloacae,Serbia,1,0,Fewer than 8 valid data points
Enterobacter cloacae,Singapore,9,1,Fewer than 8 valid data points
Enterobacter cloacae,Slovak Republic,2,0,Fewer than 8 valid data points
Enterobacter cloacae,Slovenia,5,0,Fewer than 8 valid data points
Enterobacter cloacae,South Africa,12,0,Fewer than 8 valid data points
Enterobacter cloacae,Sweden,13,2,Fewer than 8 valid data points
Enterobacter cloacae,Switzerland,14,0,Fewer than 8 valid data points
Enterobacter cloacae,Taiwan,10,2,Fewer than 8 valid data points
Enterobacter cloacae,Thailand,8,0,Fewer than 8 valid data points
Enterobacter cloacae,Tunisia,3,0,Fewer than 8 valid data points
Enterobacter cloacae,Turkey,10,1,Fewer than 8 valid data points
Enterobacter cloacae,Ukraine,2,0,Fewer than 8 valid data points
Enterobacter cloacae,United Kingdom,18,4,Fewer than 8 valid data points
Enterobacter cloacae,Venezuela,13,0,Fewer than 8 valid data points
Enterobacter cloacae,Vietnam,1,0,Fewer than 8 valid data points
Enterococcus faecium,Argentina,17,0,Fewer than 8 valid data points
Enterococcus faecium,Australia,14,1,Fewer than 8 valid data points
Enterococcus faecium,Austria,4,0,Fewer than 8 valid data points
Enterococcus faecium,Belgium,18,4,Fewer than 8 valid data points
Enterococcus faecium,Brazil,14,1,Fewer than 8 valid data points
Enterococcus faecium,Bulgaria,5,0,Fewer than 8 valid data points
Enterococcus faecium,Chile,17,0,Fewer than 8 valid data points
Enterococcus faecium,China,10,6,Fewer than 8 valid data points
Enterococcus faecium,Colombia,11,0,Fewer than 8 valid data points
Enterococcus faecium,Costa Rica,3,0,Fewer than 8 valid data points
Enterococcus faecium,Croatia,15,2,Fewer than 8 valid data points
Enterococcus faecium,Czech Republic,11,0,Fewer than 8 valid data points
Enterococcus faecium,Denmark,11,0,Fewer than 8 valid data points
Enterococcus faecium,Dominican Republic,2,0,Fewer than 8 valid data points
Enterococcus faecium,Finland,2,0,Fewer than 8 valid data points
Enterococcus faecium,Greece,16,0,Fewer than 8 valid data points
Enterococcus faecium,Guatemala,3,0,Fewer than 8 valid data points
Enterococcus faecium,Hong Kong,7,0,Fewer than 8 valid data points
Enterococcus faecium,Hungary,10,1,Fewer than 8 valid data points
Enterococcus faecium,India,9,1,Fewer than 8 valid data points
Enterococcus faecium,Ireland,18,4,Fewer than 8 valid data points
Enterococcus faecium,Israel,12,1,Fewer than 8 valid data points
Enterococcus faecium,Ivory Coast,2,0,Fewer than 8 valid data points
Enterococcus faecium,Japan,9,0,Fewer than 8 valid data points
Enterococcus faecium,Jordan,5,0,Fewer than 8 valid data points
Enterococcus faecium,Kenya,1,0,Fewer than 8 valid data points
Enterococcus faecium,"Korea, South",14,4,Fewer than 8 valid data points
Enterococcus faecium,Kuwait,10,0,Fewer than 8 valid data points
Enterococcus faecium,Latvia,6,0,Fewer than 8 valid data points
Enterococcus faecium,Lithuania,8,0,Fewer than 8 valid data points
Enterococcus faecium,Malaysia,9,0,Fewer than 8 valid data points
Enterococcus faecium,Mexico,14,0,Fewer than 8 valid data points
Enterococcus faecium,Morocco,7,0,Fewer than 8 valid data points
Enterococcus faecium,Netherlands,10,0,Fewer than 8 valid data points
Enterococcus faecium,New Zealand,5,0,Fewer than 8 valid data points
Enterococcus faecium,Nigeria,2,0,Fewer than 8 valid data points
Enterococcus faecium,Pakistan,4,0,Fewer than 8 valid data points
Enterococcus faecium,Panama,5,0,Fewer than 8 valid data points
Enterococcus faecium,Philippines,3,0,Fewer than 8 valid data points
Enterococcus faecium,Poland,14,0,Fewer than 8 valid data points
Enterococcus faecium,Portugal,16,0,Fewer than 8 valid data points
Enterococcus faecium,Qatar,5,0,Fewer than 8 valid data points
Enterococcus faecium,Romania,10,0,Fewer than 8 valid data points
Enterococcus faecium,Russia,3,0,Fewer than 8 valid data points
Enterococcus faecium,Saudi Arabia,7,0,Fewer than 8 valid data points
Enterococcus faecium,Singapore,4,0,Fewer than 8 valid data points
Enterococcus faecium,Slovenia,3,0,Fewer than 8 valid data points
Enterococcus faecium,South Africa,13,0,Fewer than 8 valid data points
Enterococcus faecium,Sweden,9,0,Fewer than 8 valid data points
Enterococcus faecium,Switzerland,17,0,Fewer than 8 valid data points
Enterococcus faecium,Taiwan,14,3,Fewer than 8 valid data points
Enterococcus faecium,Thailand,9,0,Fewer than 8 valid data points
Enterococcus faecium,Tunisia,1,0,Fewer than 8 valid data points
Enterococcus faecium,Turkey,11,1,Fewer than 8 valid data points
Enterococcus faecium,Ukraine,7,0,Fewer than 8 valid data points
Enterococcus faecium,United Kingdom,18,1,Fewer than 8 valid data points
Enterococcus faecium,Venezuela,12,0,Fewer than 8 valid data points
Staphylococcus epidermidis,Argentina,11,4,Fewer than 8 valid data points
Staphylococcus epidermidis,Australia,11,0,Fewer than 8 valid data points
Staphylococcus epidermidis,Austria,2,0,Fewer than 8 valid data points
Staphylococcus epidermidis,Brazil,11,4,Fewer than 8 valid data points
Staphylococcus epidermidis,Bulgaria,2,0,Fewer than 8 valid data points
Staphylococcus epidermidis,Canada,7,7,Fewer than 8 valid data points
Staphylococcus epidermidis,Chile,11,0,Fewer than 8 valid data points
Staphylococcus epidermidis,China,10,6,Fewer than 8 valid data points
Staphylococcus epidermidis,Colombia,11,4,Fewer than 8 valid data points
Staphylococcus epidermidis,Costa Rica,7,0,Fewer than 8 valid data points
Staphylococcus epidermidis,Croatia,8,4,Fewer than 8 valid data points
Staphylococcus epidermidis,Czech Republic,9,0,Fewer than 8 valid data points
Staphylococcus epidermidis,Denmark,10,0,Fewer than 8 valid data points
Staphylococcus epidermidis,Dominican Republic,4,0,Fewer than 8 valid data points
Staphylococcus epidermidis,Egypt,1,0,Fewer than 8 valid data points
Staphylococcus epidermidis,Greece,10,2,Fewer than 8 valid data points
Staphylococcus epidermidis,Guatemala,7,0,Fewer than 8 valid data points
Staphylococcus epidermidis,Hong Kong,2,0,Fewer than 8 valid data points
Staphylococcus epidermidis,Hungary,11,6,Fewer than 8 valid data points
Staphylococcus epidermidis,India,6,4,Fewer than 8 valid data points
Staphylococcus epidermidis,Ireland,7,0,Fewer than 8 valid data points
Staphylococcus epidermidis,Israel,12,1,Fewer than 8 valid data points
Staphylococcus epidermidis,Ivory Coast,4,0,Fewer than 8 valid data points
Staphylococcus epidermidis,Japan,11,0,Fewer than 8 valid data points
Staphylococcus epidermidis,Jordan,4,0,Fewer than 8 valid data points
Staphylococcus epidermidis,Kenya,1,0,Fewer than 8 valid data points
Staphylococcus epidermidis,"Korea, South",9,1,Fewer than 8 valid data points
Staphylococcus epidermidis,Kuwait,10,2,Fewer than 8 valid data points
Staphylococcus epidermidis,Latvia,5,1,Fewer than 8 valid data points
Staphylococcus epidermidis,Lithuania,7,0,Fewer than 8 valid data points
Staphylococcus epidermidis,Malaysia,7,0,Fewer than 8 valid data points
Staphylococcus epidermidis,Mexico,11,1,Fewer than 8 valid data points
Staphylococcus epidermidis,Morocco,6,0,Fewer than 8 valid data points
Staphylococcus epidermidis,Netherlands,10,2,Fewer than 8 valid data points
Staphylococcus epidermidis,New Zealand,5,0,Fewer than 8 valid data points
Staphylococcus epidermidis,Nigeria,8,2,Fewer than 8 valid data points
Staphylococcus epidermidis,Panama,7,1,Fewer than 8 valid data points
Staphylococcus epidermidis,Philippines,10,1,Fewer than 8 valid data points
Staphylococcus epidermidis,Poland,11,3,Fewer than 8 valid data points
Staphylococcus epidermidis,Portugal,11,5,Fewer than 8 valid data points
Staphylococcus epidermidis,Qatar,6,0,Fewer than 8 valid data points
Staphylococcus epidermidis,Romania,9,2,Fewer than 8 valid data points
Staphylococcus epidermidis,Russia,6,1,Fewer than 8 valid data points
Staphylococcus epidermidis,Saudi Arabia,4,0,Fewer than 8 valid data points
Staphylococcus epidermidis,Singapore,1,0,Fewer than 8 valid data points
Staphylococcus epidermidis,Slovenia,3,0,Fewer than 8 valid data points
Staphylococcus epidermidis,South Africa,10,1,Fewer than 8 valid data points
Staphylococcus epidermidis,Sweden,3,0,Fewer than 8 valid data points
Staphylococcus epidermidis,Switzerland,10,3,Fewer than 8 valid data points
Staphylococcus epidermidis,Taiwan,11,2,Fewer than 8 valid data points
Staphylococcus epidermidis,Thailand,10,0,Fewer than 8 valid data points
Staphylococcus epidermidis,Turkey,10,0,Fewer than 8 valid data points
Staphylococcus epidermidis,Ukraine,6,0,Fewer than 8 valid data points
Staphylococcus epidermidis,United Kingdom,9,1,Fewer than 8 valid data points
Staphylococcus epidermidis,Venezuela,11,1,Fewer than 8 valid data points
Serratia marcescens,Argentina,17,2,Fewer than 8 valid data points
Serratia marcescens,Australia,14,1,Fewer than 8 valid data points
Serratia marcescens,Austria,3,0,Fewer than 8 valid data points
Serratia marcescens,Belgium,18,0,Fewer than 8 valid data points
Serratia marcescens,Brazil,15,3,Fewer than 8 valid data points
Serratia marcescens,Bulgaria,3,0,Fewer than 8 valid data points
Serratia marcescens,Cameroon,2,0,Fewer than 8 valid data points
Serratia marcescens,Canada,20,4,Fewer than 8 valid data points
Serratia marcescens,Chile,17,0,Fewer than 8 valid data points
Serratia marcescens,China,12,2,Fewer than 8 valid data points
Serratia marcescens,Colombia,19,2,Fewer than 8 valid data points
Serratia marcescens,Costa Rica,4,0,Fewer than 8 valid data points
Serratia marcescens,Croatia,15,0,Fewer than 8 valid data points
Serratia marcescens,Czech Republic,8,0,Fewer than 8 valid data points
Serratia marcescens,Denmark,15,0,Fewer than 8 valid data points
Serratia marcescens,Germany,20,1,Fewer than 8 valid data points
Serratia marcescens,Greece,15,1,Fewer than 8 valid data points
Serratia marcescens,Guatemala,9,0,Fewer than 8 valid data points
Serratia marcescens,Hong Kong,8,0,Fewer than 8 valid data points
Serratia marcescens,Hungary,12,0,Fewer than 8 valid data points
Serratia marcescens,India,11,0,Fewer than 8 valid data points
Serratia marcescens,Indonesia,1,0,Fewer than 8 valid data points
Serratia marcescens,Ireland,12,0,Fewer than 8 valid data points
Serratia marcescens,Israel,10,2,Fewer than 8 valid data points
Serratia marcescens,Jamaica,1,0,Fewer than 8 valid data points
Serratia marcescens,Japan,6,0,Fewer than 8 valid data points
Serratia marcescens,Jordan,7,0,Fewer than 8 valid data points
Serratia marcescens,Kenya,1,0,Fewer than 8 valid data points
Serratia marcescens,"Korea, South",10,2,Fewer than 8 valid data points
Serratia marcescens,Kuwait,11,0,Fewer than 8 valid data points
Serratia marcescens,Latvia,5,0,Fewer than 8 valid data points
Serratia marcescens,Lithuania,8,0,Fewer than 8 valid data points
Serratia marcescens,Malaysia,8,0,Fewer than 8 valid data points
Serratia marcescens,Mauritius,1,0,Fewer than 8 valid data points
Serratia marcescens,Mexico,16,2,Fewer than 8 valid data points
Serratia marcescens,Morocco,11,0,Fewer than 8 valid data points
Serratia marcescens,Netherlands,12,0,Fewer than 8 valid data points
Serratia marcescens,New Zealand,5,0,Fewer than 8 valid data points
Serratia marcescens,Nigeria,7,0,Fewer than 8 valid data points
Serratia marcescens,Norway,1,0,Fewer than 8 valid data points
Serratia marcescens,Pakistan,4,0,Fewer than 8 valid data points
Serratia marcescens,Panama,10,0,Fewer than 8 valid data points
Serratia marcescens,Philippines,10,0,Fewer than 8 valid data points
Serratia marcescens,Poland,10,0,Fewer than 8 valid data points
Serratia marcescens,Portugal,17,0,Fewer than 8 valid data points
Serratia marcescens,Puerto Rico,1,0,Fewer than 8 valid data points
Serratia marcescens,Qatar,2,0,Fewer than 8 valid data points
Serratia marcescens,Romania,9,0,Fewer than 8 valid data points
Serratia marcescens,Russia,2,0,Fewer than 8 valid data points
Serratia marcescens,Saudi Arabia,8,1,Fewer than 8 valid data points
Serratia marcescens,Serbia,1,0,Fewer than 8 valid data points
Serratia marcescens,Singapore,5,0,Fewer than 8 valid data points
Serratia marcescens,Slovak Republic,2,0,Fewer than 8 valid data points
Serratia marcescens,Slovenia,5,0,Fewer than 8 valid data points
Serratia marcescens,South Africa,10,0,Fewer than 8 valid data points
Serratia marcescens,Sweden,10,0,Fewer than 8 valid data points
Serratia marcescens,Switzerland,14,0,Fewer than 8 valid data points
Serratia marcescens,Taiwan,14,2,Fewer than 8 valid data points
Serratia marcescens,Thailand,8,0,Fewer than 8 valid data points
Serratia marcescens,Tunisia,3,0,Fewer than 8 valid data points
Serratia marcescens,Turkey,8,0,Fewer than 8 valid data points
Serratia marcescens,Ukraine,1,0,Fewer than 8 valid data points
Serratia marcescens,United Kingdom,16,1,Fewer than 8 valid data points
Serratia marcescens,Venezuela,11,1,Fewer than 8 valid data points
Citrobacter koseri,Argentina,4,0,Fewer than 8 valid data points
Citrobacter koseri,Australia,3,0,Fewer than 8 valid data points
Citrobacter koseri,Belgium,9,0,Fewer than 8 valid data points
Citrobacter koseri,Brazil,7,0,Fewer than 8 valid data points
Citrobacter koseri,Canada,6,0,Fewer than 8 valid data points
Citrobacter koseri,Chile,3,0,Fewer than 8 valid data points
Citrobacter koseri,China,6,0,Fewer than 8 valid data points
Citrobacter koseri,Colombia,3,0,Fewer than 8 valid data points
Citrobacter koseri,Costa Rica,1,0,Fewer than 8 valid data points
Citrobacter koseri,Croatia,5,0,Fewer than 8 valid data points
Citrobacter koseri,Czech Republic,4,0,Fewer than 8 valid data points
Citrobacter koseri,Denmark,7,0,Fewer than 8 valid data points
Citrobacter koseri,France,13,3,Fewer than 8 valid data points
Citrobacter koseri,Germany,9,0,Fewer than 8 valid data points
Citrobacter koseri,Greece,4,0,Fewer than 8 valid data points
Citrobacter koseri,Hungary,6,0,Fewer than 8 valid data points
Citrobacter koseri,India,6,0,Fewer than 8 valid data points
Citrobacter koseri,Ireland,1,0,Fewer than 8 valid data points
Citrobacter koseri,Israel,5,0,Fewer than 8 valid data points
Citrobacter koseri,Italy,12,0,Fewer than 8 valid data points
Citrobacter koseri,Japan,1,0,Fewer than 8 valid data points
Citrobacter koseri,Kuwait,3,0,Fewer than 8 valid data points
Citrobacter koseri,Latvia,2,0,Fewer than 8 valid data points
Citrobacter koseri,Lithuania,2,0,Fewer than 8 valid data points
Citrobacter koseri,Malaysia,5,0,Fewer than 8 valid data points
Citrobacter koseri,Mexico,2,0,Fewer than 8 valid data points
Citrobacter koseri,Morocco,1,0,Fewer than 8 valid data points
Citrobacter koseri,Netherlands,5,0,Fewer than 8 valid data points
Citrobacter koseri,New Zealand,5,0,Fewer than 8 valid data points
Citrobacter koseri,Nigeria,1,0,Fewer than 8 valid data points
Citrobacter koseri,Panama,4,0,Fewer than 8 valid data points
Citrobacter koseri,Philippines,6,0,Fewer than 8 valid data points
Citrobacter koseri,Poland,2,0,Fewer than 8 valid data points
Citrobacter koseri,Portugal,6,0,Fewer than 8 valid data points
Citrobacter koseri,Qatar,3,0,Fewer than 8 valid data points
Citrobacter koseri,Russia,1,0,Fewer than 8 valid data points
Citrobacter koseri,Singapore,1,0,Fewer than 8 valid data points
Citrobacter koseri,South Africa,3,0,Fewer than 8 valid data points
Citrobacter koseri,Spain,11,0,Fewer than 8 valid data points
Citrobacter koseri,Sweden,6,0,Fewer than 8 valid data points
Citrobacter koseri,Switzerland,5,0,Fewer than 8 valid data points
Citrobacter koseri,Taiwan,5,0,Fewer than 8 valid data points
Citrobacter koseri,Thailand,6,0,Fewer than 8 valid data points
Citrobacter koseri,Turkey,1,0,Fewer than 8 valid data points
Citrobacter koseri,Ukraine,1,0,Fewer than 8 valid data points
Citrobacter koseri,United Kingdom,7,0,Fewer than 8 valid data points
Citrobacter koseri,United States,8,0,Fewer than 8 valid data points
Citrobacter koseri,Venezuela,2,0,Fewer than 8 valid data points
Streptococcus pneumoniae,Argentina,17,6,Fewer than 8 valid data points
Streptococcus pneumoniae,Austria,7,0,Fewer than 8 valid data points
Streptococcus pneumoniae,Brazil,17,2,Fewer than 8 valid data points
Streptococcus pneumoniae,Bulgaria,4,0,Fewer than 8 valid data points
Streptococcus pneumoniae,Chile,17,4,Fewer than 8 valid data points
Streptococcus pneumoniae,China,12,2,Fewer than 8 valid data points
Streptococcus pneumoniae,Colombia,17,3,Fewer than 8 valid data points
Streptococcus pneumoniae,Costa Rica,2,0,Fewer than 8 valid data points
Streptococcus pneumoniae,Czech Republic,15,2,Fewer than 8 valid data points
Streptococcus pneumoniae,Denmark,17,4,Fewer than 8 valid data points
Streptococcus pneumoniae,Dominican Republic,4,0,Fewer than 8 valid data points
Streptococcus pneumoniae,Finland,2,0,Fewer than 8 valid data points
Streptococcus pneumoniae,Greece,15,1,Fewer than 8 valid data points
Streptococcus pneumoniae,Guatemala,7,0,Fewer than 8 valid data points
Streptococcus pneumoniae,Honduras,1,0,Fewer than 8 valid data points
Streptococcus pneumoniae,Hong Kong,4,0,Fewer than 8 valid data points
Streptococcus pneumoniae,Hungary,16,1,Fewer than 8 valid data points
Streptococcus pneumoniae,India,9,0,Fewer than 8 valid data points
Streptococcus pneumoniae,Ireland,15,2,Fewer than 8 valid data points
Streptococcus pneumoniae,Jamaica,1,0,Fewer than 8 valid data points
Streptococcus pneumoniae,Japan,9,0,Fewer than 8 valid data points
Streptococcus pneumoniae,Jordan,9,0,Fewer than 8 valid data points
Streptococcus pneumoniae,Kenya,1,0,Fewer than 8 valid data points
Streptococcus pneumoniae,"Korea, South",15,1,Fewer than 8 valid data points
Streptococcus pneumoniae,Kuwait,13,6,Fewer than 8 valid data points
Streptococcus pneumoniae,Latvia,10,1,Fewer than 8 valid data points
Streptococcus pneumoniae,Lithuania,11,1,Fewer than 8 valid data points
Streptococcus pneumoniae,Malaysia,13,0,Fewer than 8 valid data points
Streptococcus pneumoniae,Mauritius,1,0,Fewer than 8 valid data points
Streptococcus pneumoniae,Mexico,14,1,Fewer than 8 valid data points
Streptococcus pneumoniae,Morocco,11,1,Fewer than 8 valid data points
Streptococcus pneumoniae,Netherlands,18,6,Fewer than 8 valid data points
Streptococcus pneumoniae,New Zealand,5,3,Fewer than 8 valid data points
Streptococcus pneumoniae,Oman,1,0,Fewer than 8 valid data points
Streptococcus pneumoniae,Pakistan,4,0,Fewer than 8 valid data points
Streptococcus pneumoniae,Panama,11,0,Fewer than 8 valid data points
Streptococcus pneumoniae,Philippines,12,1,Fewer than 8 valid data points
Streptococcus pneumoniae,Poland,16,6,Fewer than 8 valid data points
Streptococcus pneumoniae,Qatar,3,0,Fewer than 8 valid data points
Streptococcus pneumoniae,Romania,8,0,Fewer than 8 valid data points
Streptococcus pneumoniae,Russia,4,0,Fewer than 8 valid data points
Streptococcus pneumoniae,Saudi Arabia,6,0,Fewer than 8 valid data points
Streptococcus pneumoniae,Serbia,2,0,Fewer than 8 valid data points
Streptococcus pneumoniae,Singapore,8,0,Fewer than 8 valid data points
Streptococcus pneumoniae,Slovak Republic,1,0,Fewer than 8 valid data points
Streptococcus pneumoniae,Slovenia,9,0,Fewer than 8 valid data points
Streptococcus pneumoniae,South Africa,17,1,Fewer than 8 valid data points
Streptococcus pneumoniae,Sweden,10,1,Fewer than 8 valid data points
Streptococcus pneumoniae,Switzerland,18,3,Fewer than 8 valid data points
Streptococcus pneumoniae,Taiwan,15,1,Fewer than 8 valid data points
Streptococcus pneumoniae,Thailand,12,1,Fewer than 8 valid data points
Streptococcus pneumoniae,Tunisia,3,0,Fewer than 8 valid data points
Streptococcus pneumoniae,Turkey,8,0,Fewer than 8 valid data points
Streptococcus pneumoniae,Ukraine,1,0,Fewer than 8 valid data points
Streptococcus pneumoniae,Venezuela,12,0,Fewer than 8 valid data points
Haemophilus influenzae,Argentina,11,0,Fewer than 8 valid data points
Haemophilus influenzae,Australia,7,0,Fewer than 8 valid data points
Haemophilus influenzae,Austria,4,0,Fewer than 8 valid data points
Haemophilus influenzae,Belgium,11,0,Fewer than 8 valid data points
Haemophilus influenzae,Brazil,7,0,Fewer than 8 valid data points
Haemophilus influenzae,Bulgaria,5,0,Fewer than 8 valid data points
Haemophilus influenzae,Canada,20,6,Fewer than 8 valid data points
Haemophilus influenzae,Chile,8,0,Fewer than 8 valid data points
Haemophilus influenzae,China,3,0,Fewer than 8 valid data points
Haemophilus influenzae,Colombia,8,0,Fewer than 8 valid data points
Haemophilus influenzae,Costa Rica,2,0,Fewer than 8 valid data points
Haemophilus influenzae,Croatia,9,0,Fewer than 8 valid data points
Haemophilus influenzae,Czech Republic,5,0,Fewer than 8 valid data points
Haemophilus influenzae,Denmark,6,0,Fewer than 8 valid data points
Haemophilus influenzae,Finland,1,0,Fewer than 8 valid data points
Haemophilus influenzae,France,16,1,Fewer than 8 valid data points
Haemophilus influenzae,Germany,16,0,Fewer than 8 valid data points
Haemophilus influenzae,Greece,2,0,Fewer than 8 valid data points
Haemophilus influenzae,Guatemala,4,0,Fewer than 8 valid data points
Haemophilus influenzae,Honduras,1,0,Fewer than 8 valid data points
Haemophilus influenzae,Hong Kong,1,0,Fewer than 8 valid data points
Haemophilus influenzae,Hungary,4,0,Fewer than 8 valid data points
Haemophilus influenzae,India,5,0,Fewer than 8 valid data points
Haemophilus influenzae,Ireland,4,0,Fewer than 8 valid data points
Haemophilus influenzae,Israel,14,2,Fewer than 8 valid data points
Haemophilus influenzae,Italy,17,0,Fewer than 8 valid data points
Haemophilus influenzae,Japan,2,0,Fewer than 8 valid data points
Haemophilus influenzae,Jordan,1,0,Fewer than 8 valid data points
Haemophilus influenzae,"Korea, South",7,0,Fewer than 8 valid data points
Haemophilus influenzae,Kuwait,7,0,Fewer than 8 valid data points
Haemophilus influenzae,Latvia,4,0,Fewer than 8 valid data points
Haemophilus influenzae,Lithuania,5,0,Fewer than 8 valid data points
Haemophilus influenzae,Malaysia,2,0,Fewer than 8 valid data points
Haemophilus influenzae,Mexico,4,0,Fewer than 8 valid data points
Haemophilus influenzae,Morocco,6,0,Fewer than 8 valid data points
Haemophilus influenzae,Netherlands,6,0,Fewer than 8 valid data points
Haemophilus influenzae,New Zealand,2,0,Fewer than 8 valid data points
Haemophilus influenzae,Oman,1,0,Fewer than 8 valid data points
Haemophilus influenzae,Pakistan,2,0,Fewer than 8 valid data points
Haemophilus influenzae,Panama,4,0,Fewer than 8 valid data points
Haemophilus influenzae,Philippines,4,0,Fewer than 8 valid data points
Haemophilus influenzae,Poland,7,1,Fewer than 8 valid data points
Haemophilus influenzae,Portugal,12,0,Fewer than 8 valid data points
Haemophilus influenzae,Qatar,2,0,Fewer than 8 valid data points
Haemophilus influenzae,Romania,4,0,Fewer than 8 valid data points
Haemophilus influenzae,Russia,1,0,Fewer than 8 valid data points
Haemophilus influenzae,Saudi Arabia,4,0,Fewer than 8 valid data points
Haemophilus influenzae,Serbia,1,0,Fewer than 8 valid data points
Haemophilus influenzae,Singapore,5,0,Fewer than 8 valid data points
Haemophilus influenzae,Slovenia,1,0,Fewer than 8 valid data points
Haemophilus influenzae,South Africa,4,0,Fewer than 8 valid data points
Haemophilus influenzae,Spain,21,6,Fewer than 8 valid data points
Haemophilus influenzae,Sweden,1,0,Fewer than 8 valid data points
Haemophilus influenzae,Switzerland,12,0,Fewer than 8 valid data points
Haemophilus influenzae,Taiwan,7,0,Fewer than 8 valid data points
Haemophilus influenzae,Thailand,5,0,Fewer than 8 valid data points
Haemophilus influenzae,United Kingdom,14,0,Fewer than 8 valid data points
Haemophilus influenzae,Venezuela,5,0,Fewer than 8 valid data points
Salmonella spp,Australia,1,0,Fewer than 8 valid data points
Salmonella spp,China,2,0,Fewer than 8 valid data points
Salmonella spp,Jordan,1,0,Fewer than 8 valid data points
Salmonella spp,Nigeria,1,0,Fewer than 8 valid data points
Salmonella spp,Venezuela,1,0,Fewer than 8 valid data points
