Organism,Year,Ladder_Step,Count,Percent,Total_N,Sufficient
Klebsiella pneumoniae,2004,0,288,80.0,360,YES
Klebsiella pneumoniae,2004,1,29,8.06,360,YES
Klebsiella pneumoniae,2004,2,33,9.17,360,YES
Klebsiella pneumoniae,2004,3,10,2.78,360,YES
Klebsiella pneumoniae,2004,4,0,0.0,360,YES
Klebsiella pneumoniae,2005,0,315,81.19,388,YES
Klebsiella pneumoniae,2005,1,20,5.15,388,YES
Klebsiella pneumoniae,2005,2,43,11.08,388,YES
Klebsiella pneumoniae,2005,3,10,2.58,388,YES
Klebsiella pneumoniae,2005,4,0,0.0,388,YES
Klebsiella pneumoniae,2006,0,348,69.88,498,YES
Klebsiella pneumoniae,2006,1,34,6.83,498,YES
Klebsiella pneumoniae,2006,2,82,16.47,498,YES
Klebsiella pneumoniae,2006,3,34,6.83,498,YES
Klebsiella pneumoniae,2006,4,0,0.0,498,YES
Klebsiella pneumoniae,2007,0,529,71.49,740,YES
Klebsiella pneumoniae,2007,1,62,8.38,740,YES
Klebsiella pneumoniae,2007,2,113,15.27,740,YES
Klebsiella pneumoniae,2007,3,36,4.86,740,YES
Klebsiella pneumoniae,2007,4,0,0.0,740,YES
Klebsiella pneumoniae,2008,0,415,63.85,650,YES
Klebsiella pneumoniae,2008,1,76,11.69,650,YES
Klebsiella pneumoniae,2008,2,117,18.0,650,YES
Klebsiella pneumoniae,2008,3,42,6.46,650,YES
Klebsiella pneumoniae,2008,4,0,0.0,650,YES
Klebsiella pneumoniae,2009,0,481,64.05,751,YES
Klebsiella pneumoniae,2009,1,65,8.66,751,YES
Klebsiella pneumoniae,2009,2,151,20.11,751,YES
Klebsiella pneumoniae,2009,3,54,7.19,751,YES
Klebsiella pneumoniae,2009,4,0,0.0,751,YES
Klebsiella pneumoniae,2010,0,296,51.75,572,YES
Klebsiella pneumoniae,2010,1,128,22.38,572,YES
Klebsiella pneumoniae,2010,2,115,20.1,572,YES
Klebsiella pneumoniae,2010,3,33,5.77,572,YES
Klebsiella pneumoniae,2010,4,0,0.0,572,YES
Klebsiella pneumoniae,2011,0,296,74.37,398,YES
Klebsiella pneumoniae,2011,1,29,7.29,398,YES
Klebsiella pneumoniae,2011,2,53,13.32,398,YES
Klebsiella pneumoniae,2011,3,20,5.03,398,YES
Klebsiella pneumoniae,2011,4,0,0.0,398,YES
Klebsiella pneumoniae,2012,0,277,70.66,392,YES
Klebsiella pneumoniae,2012,1,35,8.93,392,YES
Klebsiella pneumoniae,2012,2,54,13.78,392,YES
Klebsiella pneumoniae,2012,3,26,6.63,392,YES
Klebsiella pneumoniae,2012,4,0,0.0,392,YES
Klebsiella pneumoniae,2013,0,308,74.94,411,YES
Klebsiella pneumoniae,2013,1,27,6.57,411,YES
Klebsiella pneumoniae,2013,2,51,12.41,411,YES
Klebsiella pneumoniae,2013,3,25,6.08,411,YES
Klebsiella pneumoniae,2013,4,0,0.0,411,YES
Klebsiella pneumoniae,2014,0,451,65.17,692,YES
Klebsiella pneumoniae,2014,1,57,8.24,692,YES
Klebsiella pneumoniae,2014,2,115,16.62,692,YES
Klebsiella pneumoniae,2014,3,47,6.79,692,YES
Klebsiella pneumoniae,2014,4,22,3.18,692,YES
Klebsiella pneumoniae,2015,0,481,67.94,708,YES
Klebsiella pneumoniae,2015,1,52,7.34,708,YES
Klebsiella pneumoniae,2015,2,115,16.24,708,YES
Klebsiella pneumoniae,2015,3,34,4.8,708,YES
Klebsiella pneumoniae,2015,4,26,3.67,708,YES
Klebsiella pneumoniae,2016,0,458,61.56,744,YES
Klebsiella pneumoniae,2016,1,80,10.75,744,YES
Klebsiella pneumoniae,2016,2,137,18.41,744,YES
Klebsiella pneumoniae,2016,3,45,6.05,744,YES
Klebsiella pneumoniae,2016,4,24,3.23,744,YES
Klebsiella pneumoniae,2017,0,411,57.97,709,YES
Klebsiella pneumoniae,2017,1,86,12.13,709,YES
Klebsiella pneumoniae,2017,2,138,19.46,709,YES
Klebsiella pneumoniae,2017,3,37,5.22,709,YES
Klebsiella pneumoniae,2017,4,37,5.22,709,YES
Klebsiella pneumoniae,2018,0,402,54.18,742,YES
Klebsiella pneumoniae,2018,1,20,2.7,742,YES
Klebsiella pneumoniae,2018,2,207,27.9,742,YES
Klebsiella pneumoniae,2018,3,0,0.0,742,YES
Klebsiella pneumoniae,2018,4,113,15.23,742,YES
Klebsiella pneumoniae,2019,0,578,52.26,1106,YES
Klebsiella pneumoniae,2019,1,56,5.06,1106,YES
Klebsiella pneumoniae,2019,2,272,24.59,1106,YES
Klebsiella pneumoniae,2019,3,0,0.0,1106,YES
Klebsiella pneumoniae,2019,4,200,18.08,1106,YES
Klebsiella pneumoniae,2020,0,633,54.06,1171,YES
Klebsiella pneumoniae,2020,1,43,3.67,1171,YES
Klebsiella pneumoniae,2020,2,275,23.48,1171,YES
Klebsiella pneumoniae,2020,3,0,0.0,1171,YES
Klebsiella pneumoniae,2020,4,220,18.79,1171,YES
Klebsiella pneumoniae,2021,0,633,50.72,1248,YES
Klebsiella pneumoniae,2021,1,45,3.61,1248,YES
Klebsiella pneumoniae,2021,2,317,25.4,1248,YES
Klebsiella pneumoniae,2021,3,0,0.0,1248,YES
Klebsiella pneumoniae,2021,4,253,20.27,1248,YES
Klebsiella pneumoniae,2022,0,670,58.11,1153,YES
Klebsiella pneumoniae,2022,1,36,3.12,1153,YES
Klebsiella pneumoniae,2022,2,238,20.64,1153,YES
Klebsiella pneumoniae,2022,3,0,0.0,1153,YES
Klebsiella pneumoniae,2022,4,209,18.13,1153,YES
Klebsiella pneumoniae,2023,0,536,54.31,987,YES
Klebsiella pneumoniae,2023,1,45,4.56,987,YES
Klebsiella pneumoniae,2023,2,196,19.86,987,YES
Klebsiella pneumoniae,2023,3,0,0.0,987,YES
Klebsiella pneumoniae,2023,4,210,21.28,987,YES
Klebsiella pneumoniae,2024,0,620,52.54,1180,YES
Klebsiella pneumoniae,2024,1,63,5.34,1180,YES
Klebsiella pneumoniae,2024,2,242,20.51,1180,YES
Klebsiella pneumoniae,2024,3,0,0.0,1180,YES
Klebsiella pneumoniae,2024,4,255,21.61,1180,YES
Acinetobacter baumannii,2004,0,35,24.65,142,YES
Acinetobacter baumannii,2004,1,35,24.65,142,YES
Acinetobacter baumannii,2004,2,39,27.46,142,YES
Acinetobacter baumannii,2004,3,33,23.24,142,YES
Acinetobacter baumannii,2004,4,0,0.0,142,YES
Acinetobacter baumannii,2005,0,35,26.12,134,YES
Acinetobacter baumannii,2005,1,39,29.1,134,YES
Acinetobacter baumannii,2005,2,29,21.64,134,YES
Acinetobacter baumannii,2005,3,31,23.13,134,YES
Acinetobacter baumannii,2005,4,0,0.0,134,YES
Acinetobacter baumannii,2006,0,45,23.68,190,YES
Acinetobacter baumannii,2006,1,34,17.89,190,YES
Acinetobacter baumannii,2006,2,25,13.16,190,YES
Acinetobacter baumannii,2006,3,86,45.26,190,YES
Acinetobacter baumannii,2006,4,0,0.0,190,YES
Acinetobacter baumannii,2007,0,44,18.97,232,YES
Acinetobacter baumannii,2007,1,56,24.14,232,YES
Acinetobacter baumannii,2007,2,42,18.1,232,YES
Acinetobacter baumannii,2007,3,90,38.79,232,YES
Acinetobacter baumannii,2007,4,0,0.0,232,YES
Acinetobacter baumannii,2008,0,43,17.0,253,YES
Acinetobacter baumannii,2008,1,51,20.16,253,YES
Acinetobacter baumannii,2008,2,18,7.11,253,YES
Acinetobacter baumannii,2008,3,141,55.73,253,YES
Acinetobacter baumannii,2008,4,0,0.0,253,YES
Acinetobacter baumannii,2009,0,40,16.46,243,YES
Acinetobacter baumannii,2009,1,52,21.4,243,YES
Acinetobacter baumannii,2009,2,22,9.05,243,YES
Acinetobacter baumannii,2009,3,129,53.09,243,YES
Acinetobacter baumannii,2009,4,0,0.0,243,YES
Acinetobacter baumannii,2010,0,32,15.84,202,YES
Acinetobacter baumannii,2010,1,38,18.81,202,YES
Acinetobacter baumannii,2010,2,26,12.87,202,YES
Acinetobacter baumannii,2010,3,106,52.48,202,YES
Acinetobacter baumannii,2010,4,0,0.0,202,YES
Acinetobacter baumannii,2011,0,36,31.86,113,YES
Acinetobacter baumannii,2011,1,21,18.58,113,YES
Acinetobacter baumannii,2011,2,6,5.31,113,YES
Acinetobacter baumannii,2011,3,50,44.25,113,YES
Acinetobacter baumannii,2011,4,0,0.0,113,YES
Acinetobacter baumannii,2012,0,11,15.07,73,YES
Acinetobacter baumannii,2012,1,11,15.07,73,YES
Acinetobacter baumannii,2012,2,6,8.22,73,YES
Acinetobacter baumannii,2012,3,45,61.64,73,YES
Acinetobacter baumannii,2012,4,0,0.0,73,YES
Acinetobacter baumannii,2013,0,12,14.63,82,YES
Acinetobacter baumannii,2013,1,6,7.32,82,YES
Acinetobacter baumannii,2013,2,6,7.32,82,YES
Acinetobacter baumannii,2013,3,58,70.73,82,YES
Acinetobacter baumannii,2013,4,0,0.0,82,YES
Acinetobacter baumannii,2014,0,30,19.87,151,YES
Acinetobacter baumannii,2014,1,6,3.97,151,YES
Acinetobacter baumannii,2014,2,6,3.97,151,YES
Acinetobacter baumannii,2014,3,74,49.01,151,YES
Acinetobacter baumannii,2014,4,35,23.18,151,YES
Acinetobacter baumannii,2015,0,28,24.35,115,YES
Acinetobacter baumannii,2015,1,7,6.09,115,YES
Acinetobacter baumannii,2015,2,4,3.48,115,YES
Acinetobacter baumannii,2015,3,59,51.3,115,YES
Acinetobacter baumannii,2015,4,17,14.78,115,YES
Acinetobacter baumannii,2016,0,26,21.85,119,YES
Acinetobacter baumannii,2016,1,11,9.24,119,YES
Acinetobacter baumannii,2016,2,3,2.52,119,YES
Acinetobacter baumannii,2016,3,59,49.58,119,YES
Acinetobacter baumannii,2016,4,20,16.81,119,YES
Acinetobacter baumannii,2017,0,16,22.86,70,YES
Acinetobacter baumannii,2017,1,5,7.14,70,YES
Acinetobacter baumannii,2017,2,0,0.0,70,YES
Acinetobacter baumannii,2017,3,49,70.0,70,YES
Acinetobacter baumannii,2017,4,0,0.0,70,YES
Acinetobacter baumannii,2018,0,47,27.01,174,YES
Acinetobacter baumannii,2018,1,6,3.45,174,YES
Acinetobacter baumannii,2018,2,5,2.87,174,YES
Acinetobacter baumannii,2018,3,0,0.0,174,YES
Acinetobacter baumannii,2018,4,116,66.67,174,YES
Acinetobacter baumannii,2019,0,85,23.88,356,YES
Acinetobacter baumannii,2019,1,3,0.84,356,YES
Acinetobacter baumannii,2019,2,10,2.81,356,YES
Acinetobacter baumannii,2019,3,0,0.0,356,YES
Acinetobacter baumannii,2019,4,258,72.47,356,YES
Acinetobacter baumannii,2020,0,101,29.19,346,YES
Acinetobacter baumannii,2020,1,2,0.58,346,YES
Acinetobacter baumannii,2020,2,7,2.02,346,YES
Acinetobacter baumannii,2020,3,0,0.0,346,YES
Acinetobacter baumannii,2020,4,236,68.21,346,YES
Acinetobacter baumannii,2021,0,92,25.92,355,YES
Acinetobacter baumannii,2021,1,9,2.54,355,YES
Acinetobacter baumannii,2021,2,8,2.25,355,YES
Acinetobacter baumannii,2021,3,0,0.0,355,YES
Acinetobacter baumannii,2021,4,246,69.3,355,YES
Acinetobacter baumannii,2022,0,84,24.93,337,YES
Acinetobacter baumannii,2022,1,3,0.89,337,YES
Acinetobacter baumannii,2022,2,7,2.08,337,YES
Acinetobacter baumannii,2022,3,0,0.0,337,YES
Acinetobacter baumannii,2022,4,243,72.11,337,YES
Acinetobacter baumannii,2023,0,55,23.01,239,YES
Acinetobacter baumannii,2023,1,2,0.84,239,YES
Acinetobacter baumannii,2023,2,3,1.26,239,YES
Acinetobacter baumannii,2023,3,0,0.0,239,YES
Acinetobacter baumannii,2023,4,179,74.9,239,YES
Acinetobacter baumannii,2024,0,45,20.36,221,YES
Acinetobacter baumannii,2024,1,2,0.9,221,YES
Acinetobacter baumannii,2024,2,0,0.0,221,YES
Acinetobacter baumannii,2024,3,0,0.0,221,YES
Acinetobacter baumannii,2024,4,174,78.73,221,YES
Escherichia coli,2004,0,480,88.24,544,YES
Escherichia coli,2004,1,17,3.12,544,YES
Escherichia coli,2004,2,46,8.46,544,YES
Escherichia coli,2004,3,1,0.18,544,YES
Escherichia coli,2004,4,0,0.0,544,YES
Escherichia coli,2005,0,609,91.44,666,YES
Escherichia coli,2005,1,14,2.1,666,YES
Escherichia coli,2005,2,42,6.31,666,YES
Escherichia coli,2005,3,1,0.15,666,YES
Escherichia coli,2005,4,0,0.0,666,YES
Escherichia coli,2006,0,756,87.7,862,YES
Escherichia coli,2006,1,27,3.13,862,YES
Escherichia coli,2006,2,77,8.93,862,YES
Escherichia coli,2006,3,2,0.23,862,YES
Escherichia coli,2006,4,0,0.0,862,YES
Escherichia coli,2007,0,952,84.62,1125,YES
Escherichia coli,2007,1,31,2.76,1125,YES
Escherichia coli,2007,2,130,11.56,1125,YES
Escherichia coli,2007,3,12,1.07,1125,YES
Escherichia coli,2007,4,0,0.0,1125,YES
Escherichia coli,2008,0,842,78.62,1071,YES
Escherichia coli,2008,1,52,4.86,1071,YES
Escherichia coli,2008,2,169,15.78,1071,YES
Escherichia coli,2008,3,8,0.75,1071,YES
Escherichia coli,2008,4,0,0.0,1071,YES
Escherichia coli,2009,0,872,75.63,1153,YES
Escherichia coli,2009,1,50,4.34,1153,YES
Escherichia coli,2009,2,226,19.6,1153,YES
Escherichia coli,2009,3,5,0.43,1153,YES
Escherichia coli,2009,4,0,0.0,1153,YES
Escherichia coli,2010,0,558,61.86,902,YES
Escherichia coli,2010,1,173,19.18,902,YES
Escherichia coli,2010,2,167,18.51,902,YES
Escherichia coli,2010,3,4,0.44,902,YES
Escherichia coli,2010,4,0,0.0,902,YES
Escherichia coli,2011,0,578,82.1,704,YES
Escherichia coli,2011,1,24,3.41,704,YES
Escherichia coli,2011,2,102,14.49,704,YES
Escherichia coli,2011,3,0,0.0,704,YES
Escherichia coli,2011,4,0,0.0,704,YES
Escherichia coli,2012,0,538,80.42,669,YES
Escherichia coli,2012,1,33,4.93,669,YES
Escherichia coli,2012,2,96,14.35,669,YES
Escherichia coli,2012,3,2,0.3,669,YES
Escherichia coli,2012,4,0,0.0,669,YES
Escherichia coli,2013,0,673,81.97,821,YES
Escherichia coli,2013,1,30,3.65,821,YES
Escherichia coli,2013,2,114,13.89,821,YES
Escherichia coli,2013,3,4,0.49,821,YES
Escherichia coli,2013,4,0,0.0,821,YES
Escherichia coli,2014,0,838,77.09,1087,YES
Escherichia coli,2014,1,38,3.5,1087,YES
Escherichia coli,2014,2,210,19.32,1087,YES
Escherichia coli,2014,3,1,0.09,1087,YES
Escherichia coli,2014,4,0,0.0,1087,YES
Escherichia coli,2015,0,861,75.79,1136,YES
Escherichia coli,2015,1,54,4.75,1136,YES
Escherichia coli,2015,2,216,19.01,1136,YES
Escherichia coli,2015,3,1,0.09,1136,YES
Escherichia coli,2015,4,4,0.35,1136,YES
Escherichia coli,2016,0,847,73.4,1154,YES
Escherichia coli,2016,1,53,4.59,1154,YES
Escherichia coli,2016,2,247,21.4,1154,YES
Escherichia coli,2016,3,4,0.35,1154,YES
Escherichia coli,2016,4,3,0.26,1154,YES
Escherichia coli,2017,0,731,74.14,986,YES
Escherichia coli,2017,1,55,5.58,986,YES
Escherichia coli,2017,2,193,19.57,986,YES
Escherichia coli,2017,3,2,0.2,986,YES
Escherichia coli,2017,4,5,0.51,986,YES
Escherichia coli,2018,0,895,72.29,1238,YES
Escherichia coli,2018,1,46,3.72,1238,YES
Escherichia coli,2018,2,280,22.62,1238,YES
Escherichia coli,2018,3,0,0.0,1238,YES
Escherichia coli,2018,4,17,1.37,1238,YES
Escherichia coli,2019,0,948,71.49,1326,YES
Escherichia coli,2019,1,48,3.62,1326,YES
Escherichia coli,2019,2,311,23.45,1326,YES
Escherichia coli,2019,3,0,0.0,1326,YES
Escherichia coli,2019,4,19,1.43,1326,YES
Escherichia coli,2020,0,1132,75.17,1506,YES
Escherichia coli,2020,1,50,3.32,1506,YES
Escherichia coli,2020,2,295,19.59,1506,YES
Escherichia coli,2020,3,0,0.0,1506,YES
Escherichia coli,2020,4,29,1.93,1506,YES
Escherichia coli,2021,0,1144,74.48,1536,YES
Escherichia coli,2021,1,72,4.69,1536,YES
Escherichia coli,2021,2,298,19.4,1536,YES
Escherichia coli,2021,3,0,0.0,1536,YES
Escherichia coli,2021,4,22,1.43,1536,YES
Escherichia coli,2022,0,1164,75.39,1544,YES
Escherichia coli,2022,1,70,4.53,1544,YES
Escherichia coli,2022,2,291,18.85,1544,YES
Escherichia coli,2022,3,0,0.0,1544,YES
Escherichia coli,2022,4,19,1.23,1544,YES
Escherichia coli,2023,0,950,74.63,1273,YES
Escherichia coli,2023,1,50,3.93,1273,YES
Escherichia coli,2023,2,251,19.72,1273,YES
Escherichia coli,2023,3,0,0.0,1273,YES
Escherichia coli,2023,4,22,1.73,1273,YES
Escherichia coli,2024,0,1020,74.34,1372,YES
Escherichia coli,2024,1,60,4.37,1372,YES
Escherichia coli,2024,2,273,19.9,1372,YES
Escherichia coli,2024,3,0,0.0,1372,YES
Escherichia coli,2024,4,19,1.38,1372,YES
Staphylococcus aureus,2004,0,310,100.0,310,YES
Staphylococcus aureus,2004,1,0,0.0,310,YES
Staphylococcus aureus,2004,2,0,0.0,310,YES
Staphylococcus aureus,2004,3,0,0.0,310,YES
Staphylococcus aureus,2004,4,0,0.0,310,YES
Staphylococcus aureus,2005,0,403,100.0,403,YES
Staphylococcus aureus,2005,1,0,0.0,403,YES
Staphylococcus aureus,2005,2,0,0.0,403,YES
Staphylococcus aureus,2005,3,0,0.0,403,YES
Staphylococcus aureus,2005,4,0,0.0,403,YES
Staphylococcus aureus,2006,0,526,100.0,526,YES
Staphylococcus aureus,2006,1,0,0.0,526,YES
Staphylococcus aureus,2006,2,0,0.0,526,YES
Staphylococcus aureus,2006,3,0,0.0,526,YES
Staphylococcus aureus,2006,4,0,0.0,526,YES
Staphylococcus aureus,2007,0,696,100.0,696,YES
Staphylococcus aureus,2007,1,0,0.0,696,YES
Staphylococcus aureus,2007,2,0,0.0,696,YES
Staphylococcus aureus,2007,3,0,0.0,696,YES
Staphylococcus aureus,2007,4,0,0.0,696,YES
Staphylococcus aureus,2008,0,685,100.0,685,YES
Staphylococcus aureus,2008,1,0,0.0,685,YES
Staphylococcus aureus,2008,2,0,0.0,685,YES
Staphylococcus aureus,2008,3,0,0.0,685,YES
Staphylococcus aureus,2008,4,0,0.0,685,YES
Staphylococcus aureus,2009,0,749,100.0,749,YES
Staphylococcus aureus,2009,1,0,0.0,749,YES
Staphylococcus aureus,2009,2,0,0.0,749,YES
Staphylococcus aureus,2009,3,0,0.0,749,YES
Staphylococcus aureus,2009,4,0,0.0,749,YES
Staphylococcus aureus,2010,0,509,100.0,509,YES
Staphylococcus aureus,2010,1,0,0.0,509,YES
Staphylococcus aureus,2010,2,0,0.0,509,YES
Staphylococcus aureus,2010,3,0,0.0,509,YES
Staphylococcus aureus,2010,4,0,0.0,509,YES
Staphylococcus aureus,2011,0,445,100.0,445,YES
Staphylococcus aureus,2011,1,0,0.0,445,YES
Staphylococcus aureus,2011,2,0,0.0,445,YES
Staphylococcus aureus,2011,3,0,0.0,445,YES
Staphylococcus aureus,2011,4,0,0.0,445,YES
Staphylococcus aureus,2012,0,361,100.0,361,YES
Staphylococcus aureus,2012,1,0,0.0,361,YES
Staphylococcus aureus,2012,2,0,0.0,361,YES
Staphylococcus aureus,2012,3,0,0.0,361,YES
Staphylococcus aureus,2012,4,0,0.0,361,YES
Staphylococcus aureus,2013,0,424,100.0,424,YES
Staphylococcus aureus,2013,1,0,0.0,424,YES
Staphylococcus aureus,2013,2,0,0.0,424,YES
Staphylococcus aureus,2013,3,0,0.0,424,YES
Staphylococcus aureus,2013,4,0,0.0,424,YES
Staphylococcus aureus,2014,0,943,100.0,943,YES
Staphylococcus aureus,2014,1,0,0.0,943,YES
Staphylococcus aureus,2014,2,0,0.0,943,YES
Staphylococcus aureus,2014,3,0,0.0,943,YES
Staphylococcus aureus,2014,4,0,0.0,943,YES
Staphylococcus aureus,2015,0,975,100.0,975,YES
Staphylococcus aureus,2015,1,0,0.0,975,YES
Staphylococcus aureus,2015,2,0,0.0,975,YES
Staphylococcus aureus,2015,3,0,0.0,975,YES
Staphylococcus aureus,2015,4,0,0.0,975,YES
Staphylococcus aureus,2016,0,1081,100.0,1081,YES
Staphylococcus aureus,2016,1,0,0.0,1081,YES
Staphylococcus aureus,2016,2,0,0.0,1081,YES
Staphylococcus aureus,2016,3,0,0.0,1081,YES
Staphylococcus aureus,2016,4,0,0.0,1081,YES
Staphylococcus aureus,2017,0,873,100.0,873,YES
Staphylococcus aureus,2017,1,0,0.0,873,YES
Staphylococcus aureus,2017,2,0,0.0,873,YES
Staphylococcus aureus,2017,3,0,0.0,873,YES
Staphylococcus aureus,2017,4,0,0.0,873,YES
Staphylococcus aureus,2018,0,920,100.0,920,YES
Staphylococcus aureus,2018,1,0,0.0,920,YES
Staphylococcus aureus,2018,2,0,0.0,920,YES
Staphylococcus aureus,2018,3,0,0.0,920,YES
Staphylococcus aureus,2018,4,0,0.0,920,YES
Staphylococcus aureus,2019,0,1316,100.0,1316,YES
Staphylococcus aureus,2019,1,0,0.0,1316,YES
Staphylococcus aureus,2019,2,0,0.0,1316,YES
Staphylococcus aureus,2019,3,0,0.0,1316,YES
Staphylococcus aureus,2019,4,0,0.0,1316,YES
Staphylococcus aureus,2020,0,1375,100.0,1375,YES
Staphylococcus aureus,2020,1,0,0.0,1375,YES
Staphylococcus aureus,2020,2,0,0.0,1375,YES
Staphylococcus aureus,2020,3,0,0.0,1375,YES
Staphylococcus aureus,2020,4,0,0.0,1375,YES
Staphylococcus aureus,2021,0,1600,100.0,1600,YES
Staphylococcus aureus,2021,1,0,0.0,1600,YES
Staphylococcus aureus,2021,2,0,0.0,1600,YES
Staphylococcus aureus,2021,3,0,0.0,1600,YES
Staphylococcus aureus,2021,4,0,0.0,1600,YES
Staphylococcus aureus,2022,0,1587,100.0,1587,YES
Staphylococcus aureus,2022,1,0,0.0,1587,YES
Staphylococcus aureus,2022,2,0,0.0,1587,YES
Staphylococcus aureus,2022,3,0,0.0,1587,YES
Staphylococcus aureus,2022,4,0,0.0,1587,YES
Staphylococcus aureus,2023,0,1251,100.0,1251,YES
Staphylococcus aureus,2023,1,0,0.0,1251,YES
Staphylococcus aureus,2023,2,0,0.0,1251,YES
Staphylococcus aureus,2023,3,0,0.0,1251,YES
Staphylococcus aureus,2023,4,0,0.0,1251,YES
Staphylococcus aureus,2024,0,1083,100.0,1083,YES
Staphylococcus aureus,2024,1,0,0.0,1083,YES
Staphylococcus aureus,2024,2,0,0.0,1083,YES
Staphylococcus aureus,2024,3,0,0.0,1083,YES
Staphylococcus aureus,2024,4,0,0.0,1083,YES
Pseudomonas aeruginosa,2004,0,148,72.55,204,YES
Pseudomonas aeruginosa,2004,1,10,4.9,204,YES
Pseudomonas aeruginosa,2004,2,25,12.25,204,YES
Pseudomonas aeruginosa,2004,3,21,10.29,204,YES
Pseudomonas aeruginosa,2004,4,0,0.0,204,YES
Pseudomonas aeruginosa,2005,0,150,72.82,206,YES
Pseudomonas aeruginosa,2005,1,10,4.85,206,YES
Pseudomonas aeruginosa,2005,2,19,9.22,206,YES
Pseudomonas aeruginosa,2005,3,27,13.11,206,YES
Pseudomonas aeruginosa,2005,4,0,0.0,206,YES
Pseudomonas aeruginosa,2006,0,202,75.94,266,YES
Pseudomonas aeruginosa,2006,1,10,3.76,266,YES
Pseudomonas aeruginosa,2006,2,18,6.77,266,YES
Pseudomonas aeruginosa,2006,3,36,13.53,266,YES
Pseudomonas aeruginosa,2006,4,0,0.0,266,YES
Pseudomonas aeruginosa,2007,0,291,72.39,402,YES
Pseudomonas aeruginosa,2007,1,26,6.47,402,YES
Pseudomonas aeruginosa,2007,2,29,7.21,402,YES
Pseudomonas aeruginosa,2007,3,56,13.93,402,YES
Pseudomonas aeruginosa,2007,4,0,0.0,402,YES
Pseudomonas aeruginosa,2008,0,262,66.84,392,YES
Pseudomonas aeruginosa,2008,1,34,8.67,392,YES
Pseudomonas aeruginosa,2008,2,25,6.38,392,YES
Pseudomonas aeruginosa,2008,3,71,18.11,392,YES
Pseudomonas aeruginosa,2008,4,0,0.0,392,YES
Pseudomonas aeruginosa,2009,0,299,63.48,471,YES
Pseudomonas aeruginosa,2009,1,33,7.01,471,YES
Pseudomonas aeruginosa,2009,2,42,8.92,471,YES
Pseudomonas aeruginosa,2009,3,97,20.59,471,YES
Pseudomonas aeruginosa,2009,4,0,0.0,471,YES
Pseudomonas aeruginosa,2010,0,201,66.56,302,YES
Pseudomonas aeruginosa,2010,1,30,9.93,302,YES
Pseudomonas aeruginosa,2010,2,26,8.61,302,YES
Pseudomonas aeruginosa,2010,3,45,14.9,302,YES
Pseudomonas aeruginosa,2010,4,0,0.0,302,YES
Pseudomonas aeruginosa,2011,0,211,79.92,264,YES
Pseudomonas aeruginosa,2011,1,10,3.79,264,YES
Pseudomonas aeruginosa,2011,2,13,4.92,264,YES
Pseudomonas aeruginosa,2011,3,30,11.36,264,YES
Pseudomonas aeruginosa,2011,4,0,0.0,264,YES
Pseudomonas aeruginosa,2012,0,161,78.16,206,YES
Pseudomonas aeruginosa,2012,1,12,5.83,206,YES
Pseudomonas aeruginosa,2012,2,7,3.4,206,YES
Pseudomonas aeruginosa,2012,3,26,12.62,206,YES
Pseudomonas aeruginosa,2012,4,0,0.0,206,YES
Pseudomonas aeruginosa,2013,0,193,80.42,240,YES
Pseudomonas aeruginosa,2013,1,11,4.58,240,YES
Pseudomonas aeruginosa,2013,2,6,2.5,240,YES
Pseudomonas aeruginosa,2013,3,30,12.5,240,YES
Pseudomonas aeruginosa,2013,4,0,0.0,240,YES
Pseudomonas aeruginosa,2014,0,279,81.82,341,YES
Pseudomonas aeruginosa,2014,1,14,4.11,341,YES
Pseudomonas aeruginosa,2014,2,12,3.52,341,YES
Pseudomonas aeruginosa,2014,3,23,6.74,341,YES
Pseudomonas aeruginosa,2014,4,13,3.81,341,YES
Pseudomonas aeruginosa,2015,0,317,77.32,410,YES
Pseudomonas aeruginosa,2015,1,19,4.63,410,YES
Pseudomonas aeruginosa,2015,2,5,1.22,410,YES
Pseudomonas aeruginosa,2015,3,46,11.22,410,YES
Pseudomonas aeruginosa,2015,4,23,5.61,410,YES
Pseudomonas aeruginosa,2016,0,297,77.95,381,YES
Pseudomonas aeruginosa,2016,1,26,6.82,381,YES
Pseudomonas aeruginosa,2016,2,9,2.36,381,YES
Pseudomonas aeruginosa,2016,3,28,7.35,381,YES
Pseudomonas aeruginosa,2016,4,21,5.51,381,YES
Pseudomonas aeruginosa,2017,0,280,78.65,356,YES
Pseudomonas aeruginosa,2017,1,17,4.78,356,YES
Pseudomonas aeruginosa,2017,2,6,1.69,356,YES
Pseudomonas aeruginosa,2017,3,25,7.02,356,YES
Pseudomonas aeruginosa,2017,4,28,7.87,356,YES
Pseudomonas aeruginosa,2018,0,370,77.73,476,YES
Pseudomonas aeruginosa,2018,1,18,3.78,476,YES
Pseudomonas aeruginosa,2018,2,6,1.26,476,YES
Pseudomonas aeruginosa,2018,3,0,0.0,476,YES
Pseudomonas aeruginosa,2018,4,82,17.23,476,YES
Pseudomonas aeruginosa,2019,0,573,76.91,745,YES
Pseudomonas aeruginosa,2019,1,34,4.56,745,YES
Pseudomonas aeruginosa,2019,2,23,3.09,745,YES
Pseudomonas aeruginosa,2019,3,0,0.0,745,YES
Pseudomonas aeruginosa,2019,4,115,15.44,745,YES
Pseudomonas aeruginosa,2020,0,668,79.24,843,YES
Pseudomonas aeruginosa,2020,1,28,3.32,843,YES
Pseudomonas aeruginosa,2020,2,14,1.66,843,YES
Pseudomonas aeruginosa,2020,3,0,0.0,843,YES
Pseudomonas aeruginosa,2020,4,133,15.78,843,YES
Pseudomonas aeruginosa,2021,0,686,78.76,871,YES
Pseudomonas aeruginosa,2021,1,48,5.51,871,YES
Pseudomonas aeruginosa,2021,2,15,1.72,871,YES
Pseudomonas aeruginosa,2021,3,0,0.0,871,YES
Pseudomonas aeruginosa,2021,4,122,14.01,871,YES
Pseudomonas aeruginosa,2022,0,676,78.79,858,YES
Pseudomonas aeruginosa,2022,1,41,4.78,858,YES
Pseudomonas aeruginosa,2022,2,13,1.52,858,YES
Pseudomonas aeruginosa,2022,3,0,0.0,858,YES
Pseudomonas aeruginosa,2022,4,128,14.92,858,YES
Pseudomonas aeruginosa,2023,0,416,78.79,528,YES
Pseudomonas aeruginosa,2023,1,20,3.79,528,YES
Pseudomonas aeruginosa,2023,2,8,1.52,528,YES
Pseudomonas aeruginosa,2023,3,0,0.0,528,YES
Pseudomonas aeruginosa,2023,4,84,15.91,528,YES
Pseudomonas aeruginosa,2024,0,460,81.27,566,YES
Pseudomonas aeruginosa,2024,1,24,4.24,566,YES
Pseudomonas aeruginosa,2024,2,7,1.24,566,YES
Pseudomonas aeruginosa,2024,3,0,0.0,566,YES
Pseudomonas aeruginosa,2024,4,75,13.25,566,YES
Enterobacter cloacae,2004,0,148,64.63,229,YES
Enterobacter cloacae,2004,1,52,22.71,229,YES
Enterobacter cloacae,2004,2,21,9.17,229,YES
Enterobacter cloacae,2004,3,8,3.49,229,YES
Enterobacter cloacae,2004,4,0,0.0,229,YES
Enterobacter cloacae,2005,0,145,55.56,261,YES
Enterobacter cloacae,2005,1,75,28.74,261,YES
Enterobacter cloacae,2005,2,38,14.56,261,YES
Enterobacter cloacae,2005,3,3,1.15,261,YES
Enterobacter cloacae,2005,4,0,0.0,261,YES
Enterobacter cloacae,2006,0,187,62.13,301,YES
Enterobacter cloacae,2006,1,62,20.6,301,YES
Enterobacter cloacae,2006,2,47,15.61,301,YES
Enterobacter cloacae,2006,3,5,1.66,301,YES
Enterobacter cloacae,2006,4,0,0.0,301,YES
Enterobacter cloacae,2007,0,282,61.71,457,YES
Enterobacter cloacae,2007,1,97,21.23,457,YES
Enterobacter cloacae,2007,2,69,15.1,457,YES
Enterobacter cloacae,2007,3,9,1.97,457,YES
Enterobacter cloacae,2007,4,0,0.0,457,YES
Enterobacter cloacae,2008,0,238,57.35,415,YES
Enterobacter cloacae,2008,1,101,24.34,415,YES
Enterobacter cloacae,2008,2,54,13.01,415,YES
Enterobacter cloacae,2008,3,22,5.3,415,YES
Enterobacter cloacae,2008,4,0,0.0,415,YES
Enterobacter cloacae,2009,0,263,55.14,477,YES
Enterobacter cloacae,2009,1,126,26.42,477,YES
Enterobacter cloacae,2009,2,74,15.51,477,YES
Enterobacter cloacae,2009,3,14,2.94,477,YES
Enterobacter cloacae,2009,4,0,0.0,477,YES
Enterobacter cloacae,2010,0,137,38.81,353,YES
Enterobacter cloacae,2010,1,141,39.94,353,YES
Enterobacter cloacae,2010,2,71,20.11,353,YES
Enterobacter cloacae,2010,3,4,1.13,353,YES
Enterobacter cloacae,2010,4,0,0.0,353,YES
Enterobacter cloacae,2011,0,165,60.0,275,YES
Enterobacter cloacae,2011,1,59,21.45,275,YES
Enterobacter cloacae,2011,2,40,14.55,275,YES
Enterobacter cloacae,2011,3,11,4.0,275,YES
Enterobacter cloacae,2011,4,0,0.0,275,YES
Enterobacter cloacae,2012,0,128,60.38,212,YES
Enterobacter cloacae,2012,1,53,25.0,212,YES
Enterobacter cloacae,2012,2,31,14.62,212,YES
Enterobacter cloacae,2012,3,0,0.0,212,YES
Enterobacter cloacae,2012,4,0,0.0,212,YES
Enterobacter cloacae,2013,0,158,60.31,262,YES
Enterobacter cloacae,2013,1,75,28.63,262,YES
Enterobacter cloacae,2013,2,25,9.54,262,YES
Enterobacter cloacae,2013,3,4,1.53,262,YES
Enterobacter cloacae,2013,4,0,0.0,262,YES
Enterobacter cloacae,2014,0,162,62.55,259,YES
Enterobacter cloacae,2014,1,55,21.24,259,YES
Enterobacter cloacae,2014,2,37,14.29,259,YES
Enterobacter cloacae,2014,3,4,1.54,259,YES
Enterobacter cloacae,2014,4,1,0.39,259,YES
Enterobacter cloacae,2015,0,179,65.81,272,YES
Enterobacter cloacae,2015,1,61,22.43,272,YES
Enterobacter cloacae,2015,2,23,8.46,272,YES
Enterobacter cloacae,2015,3,7,2.57,272,YES
Enterobacter cloacae,2015,4,2,0.74,272,YES
Enterobacter cloacae,2016,0,165,56.9,290,YES
Enterobacter cloacae,2016,1,80,27.59,290,YES
Enterobacter cloacae,2016,2,32,11.03,290,YES
Enterobacter cloacae,2016,3,8,2.76,290,YES
Enterobacter cloacae,2016,4,5,1.72,290,YES
Enterobacter cloacae,2017,0,130,58.56,222,YES
Enterobacter cloacae,2017,1,56,25.23,222,YES
Enterobacter cloacae,2017,2,23,10.36,222,YES
Enterobacter cloacae,2017,3,8,3.6,222,YES
Enterobacter cloacae,2017,4,5,2.25,222,YES
Enterobacter cloacae,2018,0,198,61.88,320,YES
Enterobacter cloacae,2018,1,46,14.37,320,YES
Enterobacter cloacae,2018,2,50,15.62,320,YES
Enterobacter cloacae,2018,3,0,0.0,320,YES
Enterobacter cloacae,2018,4,26,8.12,320,YES
Enterobacter cloacae,2019,0,130,59.63,218,YES
Enterobacter cloacae,2019,1,39,17.89,218,YES
Enterobacter cloacae,2019,2,33,15.14,218,YES
Enterobacter cloacae,2019,3,0,0.0,218,YES
Enterobacter cloacae,2019,4,16,7.34,218,YES
Enterobacter cloacae,2020,0,113,62.09,182,YES
Enterobacter cloacae,2020,1,36,19.78,182,YES
Enterobacter cloacae,2020,2,23,12.64,182,YES
Enterobacter cloacae,2020,3,0,0.0,182,YES
Enterobacter cloacae,2020,4,10,5.49,182,YES
Enterobacter cloacae,2021,0,81,67.5,120,YES
Enterobacter cloacae,2021,1,18,15.0,120,YES
Enterobacter cloacae,2021,2,13,10.83,120,YES
Enterobacter cloacae,2021,3,0,0.0,120,YES
Enterobacter cloacae,2021,4,8,6.67,120,YES
Enterobacter cloacae,2022,0,44,75.86,58,YES
Enterobacter cloacae,2022,1,7,12.07,58,YES
Enterobacter cloacae,2022,2,6,10.34,58,YES
Enterobacter cloacae,2022,3,0,0.0,58,YES
Enterobacter cloacae,2022,4,1,1.72,58,YES
Enterobacter cloacae,2023,0,11,68.75,16,YES
Enterobacter cloacae,2023,1,4,25.0,16,YES
Enterobacter cloacae,2023,2,0,0.0,16,YES
Enterobacter cloacae,2023,3,0,0.0,16,YES
Enterobacter cloacae,2023,4,1,6.25,16,YES
Enterobacter cloacae,2024,0,17,60.71,28,YES
Enterobacter cloacae,2024,1,3,10.71,28,YES
Enterobacter cloacae,2024,2,5,17.86,28,YES
Enterobacter cloacae,2024,3,0,0.0,28,YES
Enterobacter cloacae,2024,4,3,10.71,28,YES
Enterococcus faecium,2004,0,10,11.36,88,YES
Enterococcus faecium,2004,1,78,88.64,88,YES
Enterococcus faecium,2004,2,0,0.0,88,YES
Enterococcus faecium,2004,3,0,0.0,88,YES
Enterococcus faecium,2004,4,0,0.0,88,YES
Enterococcus faecium,2005,0,14,14.89,94,YES
Enterococcus faecium,2005,1,80,85.11,94,YES
Enterococcus faecium,2005,2,0,0.0,94,YES
Enterococcus faecium,2005,3,0,0.0,94,YES
Enterococcus faecium,2005,4,0,0.0,94,YES
Enterococcus faecium,2006,0,19,13.01,146,YES
Enterococcus faecium,2006,1,127,86.99,146,YES
Enterococcus faecium,2006,2,0,0.0,146,YES
Enterococcus faecium,2006,3,0,0.0,146,YES
Enterococcus faecium,2006,4,0,0.0,146,YES
Enterococcus faecium,2007,0,27,20.61,131,YES
Enterococcus faecium,2007,1,104,79.39,131,YES
Enterococcus faecium,2007,2,0,0.0,131,YES
Enterococcus faecium,2007,3,0,0.0,131,YES
Enterococcus faecium,2007,4,0,0.0,131,YES
Enterococcus faecium,2008,0,22,12.43,177,YES
Enterococcus faecium,2008,1,155,87.57,177,YES
Enterococcus faecium,2008,2,0,0.0,177,YES
Enterococcus faecium,2008,3,0,0.0,177,YES
Enterococcus faecium,2008,4,0,0.0,177,YES
Enterococcus faecium,2009,0,22,10.58,208,YES
Enterococcus faecium,2009,1,186,89.42,208,YES
Enterococcus faecium,2009,2,0,0.0,208,YES
Enterococcus faecium,2009,3,0,0.0,208,YES
Enterococcus faecium,2009,4,0,0.0,208,YES
Enterococcus faecium,2010,0,27,16.98,159,YES
Enterococcus faecium,2010,1,132,83.02,159,YES
Enterococcus faecium,2010,2,0,0.0,159,YES
Enterococcus faecium,2010,3,0,0.0,159,YES
Enterococcus faecium,2010,4,0,0.0,159,YES
Enterococcus faecium,2011,0,18,15.38,117,YES
Enterococcus faecium,2011,1,99,84.62,117,YES
Enterococcus faecium,2011,2,0,0.0,117,YES
Enterococcus faecium,2011,3,0,0.0,117,YES
Enterococcus faecium,2011,4,0,0.0,117,YES
Enterococcus faecium,2012,0,10,8.93,112,YES
Enterococcus faecium,2012,1,102,91.07,112,YES
Enterococcus faecium,2012,2,0,0.0,112,YES
Enterococcus faecium,2012,3,0,0.0,112,YES
Enterococcus faecium,2012,4,0,0.0,112,YES
Enterococcus faecium,2013,0,16,12.12,132,YES
Enterococcus faecium,2013,1,116,87.88,132,YES
Enterococcus faecium,2013,2,0,0.0,132,YES
Enterococcus faecium,2013,3,0,0.0,132,YES
Enterococcus faecium,2013,4,0,0.0,132,YES
Enterococcus faecium,2014,0,37,15.88,233,YES
Enterococcus faecium,2014,1,196,84.12,233,YES
Enterococcus faecium,2014,2,0,0.0,233,YES
Enterococcus faecium,2014,3,0,0.0,233,YES
Enterococcus faecium,2014,4,0,0.0,233,YES
Enterococcus faecium,2015,0,11,8.53,129,YES
Enterococcus faecium,2015,1,118,91.47,129,YES
Enterococcus faecium,2015,2,0,0.0,129,YES
Enterococcus faecium,2015,3,0,0.0,129,YES
Enterococcus faecium,2015,4,0,0.0,129,YES
Enterococcus faecium,2016,0,23,16.31,141,YES
Enterococcus faecium,2016,1,118,83.69,141,YES
Enterococcus faecium,2016,2,0,0.0,141,YES
Enterococcus faecium,2016,3,0,0.0,141,YES
Enterococcus faecium,2016,4,0,0.0,141,YES
Enterococcus faecium,2017,0,12,12.0,100,YES
Enterococcus faecium,2017,1,88,88.0,100,YES
Enterococcus faecium,2017,2,0,0.0,100,YES
Enterococcus faecium,2017,3,0,0.0,100,YES
Enterococcus faecium,2017,4,0,0.0,100,YES
Enterococcus faecium,2018,0,18,10.0,180,YES
Enterococcus faecium,2018,1,162,90.0,180,YES
Enterococcus faecium,2018,2,0,0.0,180,YES
Enterococcus faecium,2018,3,0,0.0,180,YES
Enterococcus faecium,2018,4,0,0.0,180,YES
Enterococcus faecium,2019,0,29,12.89,225,YES
Enterococcus faecium,2019,1,196,87.11,225,YES
Enterococcus faecium,2019,2,0,0.0,225,YES
Enterococcus faecium,2019,3,0,0.0,225,YES
Enterococcus faecium,2019,4,0,0.0,225,YES
Enterococcus faecium,2020,0,24,11.37,211,YES
Enterococcus faecium,2020,1,187,88.63,211,YES
Enterococcus faecium,2020,2,0,0.0,211,YES
Enterococcus faecium,2020,3,0,0.0,211,YES
Enterococcus faecium,2020,4,0,0.0,211,YES
Enterococcus faecium,2021,0,36,13.38,269,YES
Enterococcus faecium,2021,1,233,86.62,269,YES
Enterococcus faecium,2021,2,0,0.0,269,YES
Enterococcus faecium,2021,3,0,0.0,269,YES
Enterococcus faecium,2021,4,0,0.0,269,YES
Enterococcus faecium,2022,0,38,13.33,285,YES
Enterococcus faecium,2022,1,247,86.67,285,YES
Enterococcus faecium,2022,2,0,0.0,285,YES
Enterococcus faecium,2022,3,0,0.0,285,YES
Enterococcus faecium,2022,4,0,0.0,285,YES
Enterococcus faecium,2023,0,29,13.49,215,YES
Enterococcus faecium,2023,1,186,86.51,215,YES
Enterococcus faecium,2023,2,0,0.0,215,YES
Enterococcus faecium,2023,3,0,0.0,215,YES
Enterococcus faecium,2023,4,0,0.0,215,YES
Enterococcus faecium,2024,0,35,14.23,246,YES
Enterococcus faecium,2024,1,211,85.77,246,YES
Enterococcus faecium,2024,2,0,0.0,246,YES
Enterococcus faecium,2024,3,0,0.0,246,YES
Enterococcus faecium,2024,4,0,0.0,246,YES
Staphylococcus epidermidis,2010,0,1,100.0,1,NO
Staphylococcus epidermidis,2010,1,0,0.0,1,NO
Staphylococcus epidermidis,2010,2,0,0.0,1,NO
Staphylococcus epidermidis,2010,3,0,0.0,1,NO
Staphylococcus epidermidis,2010,4,0,0.0,1,NO
Staphylococcus epidermidis,2011,0,2,100.0,2,NO
Staphylococcus epidermidis,2011,1,0,0.0,2,NO
Staphylococcus epidermidis,2011,2,0,0.0,2,NO
Staphylococcus epidermidis,2011,3,0,0.0,2,NO
Staphylococcus epidermidis,2011,4,0,0.0,2,NO
Staphylococcus epidermidis,2012,0,78,100.0,78,YES
Staphylococcus epidermidis,2012,1,0,0.0,78,YES
Staphylococcus epidermidis,2012,2,0,0.0,78,YES
Staphylococcus epidermidis,2012,3,0,0.0,78,YES
Staphylococcus epidermidis,2012,4,0,0.0,78,YES
Staphylococcus epidermidis,2013,0,112,100.0,112,YES
Staphylococcus epidermidis,2013,1,0,0.0,112,YES
Staphylococcus epidermidis,2013,2,0,0.0,112,YES
Staphylococcus epidermidis,2013,3,0,0.0,112,YES
Staphylococcus epidermidis,2013,4,0,0.0,112,YES
Staphylococcus epidermidis,2014,0,324,100.0,324,YES
Staphylococcus epidermidis,2014,1,0,0.0,324,YES
Staphylococcus epidermidis,2014,2,0,0.0,324,YES
Staphylococcus epidermidis,2014,3,0,0.0,324,YES
Staphylococcus epidermidis,2014,4,0,0.0,324,YES
Staphylococcus epidermidis,2015,0,398,100.0,398,YES
Staphylococcus epidermidis,2015,1,0,0.0,398,YES
Staphylococcus epidermidis,2015,2,0,0.0,398,YES
Staphylococcus epidermidis,2015,3,0,0.0,398,YES
Staphylococcus epidermidis,2015,4,0,0.0,398,YES
Staphylococcus epidermidis,2016,0,306,100.0,306,YES
Staphylococcus epidermidis,2016,1,0,0.0,306,YES
Staphylococcus epidermidis,2016,2,0,0.0,306,YES
Staphylococcus epidermidis,2016,3,0,0.0,306,YES
Staphylococcus epidermidis,2016,4,0,0.0,306,YES
Staphylococcus epidermidis,2017,0,309,100.0,309,YES
Staphylococcus epidermidis,2017,1,0,0.0,309,YES
Staphylococcus epidermidis,2017,2,0,0.0,309,YES
Staphylococcus epidermidis,2017,3,0,0.0,309,YES
Staphylococcus epidermidis,2017,4,0,0.0,309,YES
Staphylococcus epidermidis,2018,0,385,100.0,385,YES
Staphylococcus epidermidis,2018,1,0,0.0,385,YES
Staphylococcus epidermidis,2018,2,0,0.0,385,YES
Staphylococcus epidermidis,2018,3,0,0.0,385,YES
Staphylococcus epidermidis,2018,4,0,0.0,385,YES
Staphylococcus epidermidis,2019,0,361,100.0,361,YES
Staphylococcus epidermidis,2019,1,0,0.0,361,YES
Staphylococcus epidermidis,2019,2,0,0.0,361,YES
Staphylococcus epidermidis,2019,3,0,0.0,361,YES
Staphylococcus epidermidis,2019,4,0,0.0,361,YES
Staphylococcus epidermidis,2020,0,444,100.0,444,YES
Staphylococcus epidermidis,2020,1,0,0.0,444,YES
Staphylococcus epidermidis,2020,2,0,0.0,444,YES
Staphylococcus epidermidis,2020,3,0,0.0,444,YES
Staphylococcus epidermidis,2020,4,0,0.0,444,YES
Staphylococcus epidermidis,2021,0,445,100.0,445,YES
Staphylococcus epidermidis,2021,1,0,0.0,445,YES
Staphylococcus epidermidis,2021,2,0,0.0,445,YES
Staphylococcus epidermidis,2021,3,0,0.0,445,YES
Staphylococcus epidermidis,2021,4,0,0.0,445,YES
Staphylococcus epidermidis,2022,0,307,100.0,307,YES
Staphylococcus epidermidis,2022,1,0,0.0,307,YES
Staphylococcus epidermidis,2022,2,0,0.0,307,YES
Staphylococcus epidermidis,2022,3,0,0.0,307,YES
Staphylococcus epidermidis,2022,4,0,0.0,307,YES
Staphylococcus epidermidis,2023,0,286,100.0,286,YES
Staphylococcus epidermidis,2023,1,0,0.0,286,YES
Staphylococcus epidermidis,2023,2,0,0.0,286,YES
Staphylococcus epidermidis,2023,3,0,0.0,286,YES
Staphylococcus epidermidis,2023,4,0,0.0,286,YES
Staphylococcus epidermidis,2024,0,372,100.0,372,YES
Staphylococcus epidermidis,2024,1,0,0.0,372,YES
Staphylococcus epidermidis,2024,2,0,0.0,372,YES
Staphylococcus epidermidis,2024,3,0,0.0,372,YES
Staphylococcus epidermidis,2024,4,0,0.0,372,YES
Serratia marcescens,2004,0,95,77.87,122,YES
Serratia marcescens,2004,1,9,7.38,122,YES
Serratia marcescens,2004,2,12,9.84,122,YES
Serratia marcescens,2004,3,6,4.92,122,YES
Serratia marcescens,2004,4,0,0.0,122,YES
Serratia marcescens,2005,0,87,69.05,126,YES
Serratia marcescens,2005,1,18,14.29,126,YES
Serratia marcescens,2005,2,10,7.94,126,YES
Serratia marcescens,2005,3,11,8.73,126,YES
Serratia marcescens,2005,4,0,0.0,126,YES
Serratia marcescens,2006,0,109,69.87,156,YES
Serratia marcescens,2006,1,20,12.82,156,YES
Serratia marcescens,2006,2,23,14.74,156,YES
Serratia marcescens,2006,3,4,2.56,156,YES
Serratia marcescens,2006,4,0,0.0,156,YES
Serratia marcescens,2007,0,162,73.3,221,YES
Serratia marcescens,2007,1,32,14.48,221,YES
Serratia marcescens,2007,2,19,8.6,221,YES
Serratia marcescens,2007,3,8,3.62,221,YES
Serratia marcescens,2007,4,0,0.0,221,YES
Serratia marcescens,2008,0,168,73.04,230,YES
Serratia marcescens,2008,1,31,13.48,230,YES
Serratia marcescens,2008,2,23,10.0,230,YES
Serratia marcescens,2008,3,8,3.48,230,YES
Serratia marcescens,2008,4,0,0.0,230,YES
Serratia marcescens,2009,0,171,75.66,226,YES
Serratia marcescens,2009,1,21,9.29,226,YES
Serratia marcescens,2009,2,28,12.39,226,YES
Serratia marcescens,2009,3,6,2.65,226,YES
Serratia marcescens,2009,4,0,0.0,226,YES
Serratia marcescens,2010,0,100,56.18,178,YES
Serratia marcescens,2010,1,51,28.65,178,YES
Serratia marcescens,2010,2,24,13.48,178,YES
Serratia marcescens,2010,3,3,1.69,178,YES
Serratia marcescens,2010,4,0,0.0,178,YES
Serratia marcescens,2011,0,116,81.69,142,YES
Serratia marcescens,2011,1,17,11.97,142,YES
Serratia marcescens,2011,2,6,4.23,142,YES
Serratia marcescens,2011,3,3,2.11,142,YES
Serratia marcescens,2011,4,0,0.0,142,YES
Serratia marcescens,2012,0,96,81.36,118,YES
Serratia marcescens,2012,1,13,11.02,118,YES
Serratia marcescens,2012,2,8,6.78,118,YES
Serratia marcescens,2012,3,1,0.85,118,YES
Serratia marcescens,2012,4,0,0.0,118,YES
Serratia marcescens,2013,0,107,86.29,124,YES
Serratia marcescens,2013,1,9,7.26,124,YES
Serratia marcescens,2013,2,7,5.65,124,YES
Serratia marcescens,2013,3,1,0.81,124,YES
Serratia marcescens,2013,4,0,0.0,124,YES
Serratia marcescens,2014,0,131,86.75,151,YES
Serratia marcescens,2014,1,10,6.62,151,YES
Serratia marcescens,2014,2,9,5.96,151,YES
Serratia marcescens,2014,3,1,0.66,151,YES
Serratia marcescens,2014,4,0,0.0,151,YES
Serratia marcescens,2015,0,119,80.95,147,YES
Serratia marcescens,2015,1,16,10.88,147,YES
Serratia marcescens,2015,2,10,6.8,147,YES
Serratia marcescens,2015,3,2,1.36,147,YES
Serratia marcescens,2015,4,0,0.0,147,YES
Serratia marcescens,2016,0,153,83.15,184,YES
Serratia marcescens,2016,1,18,9.78,184,YES
Serratia marcescens,2016,2,6,3.26,184,YES
Serratia marcescens,2016,3,4,2.17,184,YES
Serratia marcescens,2016,4,3,1.63,184,YES
Serratia marcescens,2017,0,102,80.95,126,YES
Serratia marcescens,2017,1,16,12.7,126,YES
Serratia marcescens,2017,2,8,6.35,126,YES
Serratia marcescens,2017,3,0,0.0,126,YES
Serratia marcescens,2017,4,0,0.0,126,YES
Serratia marcescens,2018,0,141,84.94,166,YES
Serratia marcescens,2018,1,3,1.81,166,YES
Serratia marcescens,2018,2,6,3.61,166,YES
Serratia marcescens,2018,3,0,0.0,166,YES
Serratia marcescens,2018,4,16,9.64,166,YES
Serratia marcescens,2019,0,148,86.05,172,YES
Serratia marcescens,2019,1,4,2.33,172,YES
Serratia marcescens,2019,2,11,6.4,172,YES
Serratia marcescens,2019,3,0,0.0,172,YES
Serratia marcescens,2019,4,9,5.23,172,YES
Serratia marcescens,2020,0,150,85.71,175,YES
Serratia marcescens,2020,1,2,1.14,175,YES
Serratia marcescens,2020,2,11,6.29,175,YES
Serratia marcescens,2020,3,0,0.0,175,YES
Serratia marcescens,2020,4,12,6.86,175,YES
Serratia marcescens,2021,0,139,87.97,158,YES
Serratia marcescens,2021,1,3,1.9,158,YES
Serratia marcescens,2021,2,7,4.43,158,YES
Serratia marcescens,2021,3,0,0.0,158,YES
Serratia marcescens,2021,4,9,5.7,158,YES
Serratia marcescens,2022,0,107,87.7,122,YES
Serratia marcescens,2022,1,2,1.64,122,YES
Serratia marcescens,2022,2,8,6.56,122,YES
Serratia marcescens,2022,3,0,0.0,122,YES
Serratia marcescens,2022,4,5,4.1,122,YES
Serratia marcescens,2023,0,100,92.59,108,YES
Serratia marcescens,2023,1,0,0.0,108,YES
Serratia marcescens,2023,2,5,4.63,108,YES
Serratia marcescens,2023,3,0,0.0,108,YES
Serratia marcescens,2023,4,3,2.78,108,YES
Serratia marcescens,2024,0,110,93.22,118,YES
Serratia marcescens,2024,1,1,0.85,118,YES
Serratia marcescens,2024,2,5,4.24,118,YES
Serratia marcescens,2024,3,0,0.0,118,YES
Serratia marcescens,2024,4,2,1.69,118,YES
Citrobacter koseri,2006,0,0,0.0,2,NO
Citrobacter koseri,2006,1,2,100.0,2,NO
Citrobacter koseri,2006,2,0,0.0,2,NO
Citrobacter koseri,2006,3,0,0.0,2,NO
Citrobacter koseri,2006,4,0,0.0,2,NO
Citrobacter koseri,2007,0,0,0.0,1,NO
Citrobacter koseri,2007,1,1,100.0,1,NO
Citrobacter koseri,2007,2,0,0.0,1,NO
Citrobacter koseri,2007,3,0,0.0,1,NO
Citrobacter koseri,2007,4,0,0.0,1,NO
Citrobacter koseri,2011,0,2,100.0,2,NO
Citrobacter koseri,2011,1,0,0.0,2,NO
Citrobacter koseri,2011,2,0,0.0,2,NO
Citrobacter koseri,2011,3,0,0.0,2,NO
Citrobacter koseri,2011,4,0,0.0,2,NO
Citrobacter koseri,2012,0,15,100.0,15,YES
Citrobacter koseri,2012,1,0,0.0,15,YES
Citrobacter koseri,2012,2,0,0.0,15,YES
Citrobacter koseri,2012,3,0,0.0,15,YES
Citrobacter koseri,2012,4,0,0.0,15,YES
Citrobacter koseri,2013,0,23,100.0,23,YES
Citrobacter koseri,2013,1,0,0.0,23,YES
Citrobacter koseri,2013,2,0,0.0,23,YES
Citrobacter koseri,2013,3,0,0.0,23,YES
Citrobacter koseri,2013,4,0,0.0,23,YES
Citrobacter koseri,2014,0,14,100.0,14,YES
Citrobacter koseri,2014,1,0,0.0,14,YES
Citrobacter koseri,2014,2,0,0.0,14,YES
Citrobacter koseri,2014,3,0,0.0,14,YES
Citrobacter koseri,2014,4,0,0.0,14,YES
Citrobacter koseri,2015,0,34,100.0,34,YES
Citrobacter koseri,2015,1,0,0.0,34,YES
Citrobacter koseri,2015,2,0,0.0,34,YES
Citrobacter koseri,2015,3,0,0.0,34,YES
Citrobacter koseri,2015,4,0,0.0,34,YES
Citrobacter koseri,2016,0,28,93.33,30,YES
Citrobacter koseri,2016,1,1,3.33,30,YES
Citrobacter koseri,2016,2,1,3.33,30,YES
Citrobacter koseri,2016,3,0,0.0,30,YES
Citrobacter koseri,2016,4,0,0.0,30,YES
Citrobacter koseri,2017,0,23,95.83,24,YES
Citrobacter koseri,2017,1,0,0.0,24,YES
Citrobacter koseri,2017,2,1,4.17,24,YES
Citrobacter koseri,2017,3,0,0.0,24,YES
Citrobacter koseri,2017,4,0,0.0,24,YES
Citrobacter koseri,2018,0,33,94.29,35,YES
Citrobacter koseri,2018,1,1,2.86,35,YES
Citrobacter koseri,2018,2,0,0.0,35,YES
Citrobacter koseri,2018,3,0,0.0,35,YES
Citrobacter koseri,2018,4,1,2.86,35,YES
Citrobacter koseri,2019,0,31,96.88,32,YES
Citrobacter koseri,2019,1,0,0.0,32,YES
Citrobacter koseri,2019,2,1,3.12,32,YES
Citrobacter koseri,2019,3,0,0.0,32,YES
Citrobacter koseri,2019,4,0,0.0,32,YES
Citrobacter koseri,2020,0,45,95.74,47,YES
Citrobacter koseri,2020,1,2,4.26,47,YES
Citrobacter koseri,2020,2,0,0.0,47,YES
Citrobacter koseri,2020,3,0,0.0,47,YES
Citrobacter koseri,2020,4,0,0.0,47,YES
Citrobacter koseri,2021,0,48,96.0,50,YES
Citrobacter koseri,2021,1,2,4.0,50,YES
Citrobacter koseri,2021,2,0,0.0,50,YES
Citrobacter koseri,2021,3,0,0.0,50,YES
Citrobacter koseri,2021,4,0,0.0,50,YES
Citrobacter koseri,2022,0,49,94.23,52,YES
Citrobacter koseri,2022,1,3,5.77,52,YES
Citrobacter koseri,2022,2,0,0.0,52,YES
Citrobacter koseri,2022,3,0,0.0,52,YES
Citrobacter koseri,2022,4,0,0.0,52,YES
Citrobacter koseri,2023,0,52,96.3,54,YES
Citrobacter koseri,2023,1,2,3.7,54,YES
Citrobacter koseri,2023,2,0,0.0,54,YES
Citrobacter koseri,2023,3,0,0.0,54,YES
Citrobacter koseri,2023,4,0,0.0,54,YES
Citrobacter koseri,2024,0,56,94.92,59,YES
Citrobacter koseri,2024,1,0,0.0,59,YES
Citrobacter koseri,2024,2,3,5.08,59,YES
Citrobacter koseri,2024,3,0,0.0,59,YES
Citrobacter koseri,2024,4,0,0.0,59,YES
Streptococcus pneumoniae,2004,0,165,62.26,265,YES
Streptococcus pneumoniae,2004,1,100,37.74,265,YES
Streptococcus pneumoniae,2004,2,0,0.0,265,YES
Streptococcus pneumoniae,2004,3,0,0.0,265,YES
Streptococcus pneumoniae,2004,4,0,0.0,265,YES
Streptococcus pneumoniae,2005,0,196,65.33,300,YES
Streptococcus pneumoniae,2005,1,104,34.67,300,YES
Streptococcus pneumoniae,2005,2,0,0.0,300,YES
Streptococcus pneumoniae,2005,3,0,0.0,300,YES
Streptococcus pneumoniae,2005,4,0,0.0,300,YES
Streptococcus pneumoniae,2006,0,227,63.76,356,YES
Streptococcus pneumoniae,2006,1,129,36.24,356,YES
Streptococcus pneumoniae,2006,2,0,0.0,356,YES
Streptococcus pneumoniae,2006,3,0,0.0,356,YES
Streptococcus pneumoniae,2006,4,0,0.0,356,YES
Streptococcus pneumoniae,2007,0,266,66.33,401,YES
Streptococcus pneumoniae,2007,1,135,33.67,401,YES
Streptococcus pneumoniae,2007,2,0,0.0,401,YES
Streptococcus pneumoniae,2007,3,0,0.0,401,YES
Streptococcus pneumoniae,2007,4,0,0.0,401,YES
Streptococcus pneumoniae,2008,0,248,66.13,375,YES
Streptococcus pneumoniae,2008,1,127,33.87,375,YES
Streptococcus pneumoniae,2008,2,0,0.0,375,YES
Streptococcus pneumoniae,2008,3,0,0.0,375,YES
Streptococcus pneumoniae,2008,4,0,0.0,375,YES
Streptococcus pneumoniae,2009,0,287,65.23,440,YES
Streptococcus pneumoniae,2009,1,153,34.77,440,YES
Streptococcus pneumoniae,2009,2,0,0.0,440,YES
Streptococcus pneumoniae,2009,3,0,0.0,440,YES
Streptococcus pneumoniae,2009,4,0,0.0,440,YES
Streptococcus pneumoniae,2010,0,236,72.84,324,YES
Streptococcus pneumoniae,2010,1,88,27.16,324,YES
Streptococcus pneumoniae,2010,2,0,0.0,324,YES
Streptococcus pneumoniae,2010,3,0,0.0,324,YES
Streptococcus pneumoniae,2010,4,0,0.0,324,YES
Streptococcus pneumoniae,2011,0,207,73.4,282,YES
Streptococcus pneumoniae,2011,1,75,26.6,282,YES
Streptococcus pneumoniae,2011,2,0,0.0,282,YES
Streptococcus pneumoniae,2011,3,0,0.0,282,YES
Streptococcus pneumoniae,2011,4,0,0.0,282,YES
Streptococcus pneumoniae,2012,0,155,64.58,240,YES
Streptococcus pneumoniae,2012,1,85,35.42,240,YES
Streptococcus pneumoniae,2012,2,0,0.0,240,YES
Streptococcus pneumoniae,2012,3,0,0.0,240,YES
Streptococcus pneumoniae,2012,4,0,0.0,240,YES
Streptococcus pneumoniae,2013,0,192,65.53,293,YES
Streptococcus pneumoniae,2013,1,101,34.47,293,YES
Streptococcus pneumoniae,2013,2,0,0.0,293,YES
Streptococcus pneumoniae,2013,3,0,0.0,293,YES
Streptococcus pneumoniae,2013,4,0,0.0,293,YES
Streptococcus pneumoniae,2014,0,460,75.53,609,YES
Streptococcus pneumoniae,2014,1,149,24.47,609,YES
Streptococcus pneumoniae,2014,2,0,0.0,609,YES
Streptococcus pneumoniae,2014,3,0,0.0,609,YES
Streptococcus pneumoniae,2014,4,0,0.0,609,YES
Streptococcus pneumoniae,2015,0,372,70.32,529,YES
Streptococcus pneumoniae,2015,1,157,29.68,529,YES
Streptococcus pneumoniae,2015,2,0,0.0,529,YES
Streptococcus pneumoniae,2015,3,0,0.0,529,YES
Streptococcus pneumoniae,2015,4,0,0.0,529,YES
Streptococcus pneumoniae,2016,0,395,71.3,554,YES
Streptococcus pneumoniae,2016,1,159,28.7,554,YES
Streptococcus pneumoniae,2016,2,0,0.0,554,YES
Streptococcus pneumoniae,2016,3,0,0.0,554,YES
Streptococcus pneumoniae,2016,4,0,0.0,554,YES
Streptococcus pneumoniae,2017,0,418,71.94,581,YES
Streptococcus pneumoniae,2017,1,163,28.06,581,YES
Streptococcus pneumoniae,2017,2,0,0.0,581,YES
Streptococcus pneumoniae,2017,3,0,0.0,581,YES
Streptococcus pneumoniae,2017,4,0,0.0,581,YES
Streptococcus pneumoniae,2018,0,224,76.45,293,YES
Streptococcus pneumoniae,2018,1,69,23.55,293,YES
Streptococcus pneumoniae,2018,2,0,0.0,293,YES
Streptococcus pneumoniae,2018,3,0,0.0,293,YES
Streptococcus pneumoniae,2018,4,0,0.0,293,YES
Streptococcus pneumoniae,2019,0,375,77.32,485,YES
Streptococcus pneumoniae,2019,1,110,22.68,485,YES
Streptococcus pneumoniae,2019,2,0,0.0,485,YES
Streptococcus pneumoniae,2019,3,0,0.0,485,YES
Streptococcus pneumoniae,2019,4,0,0.0,485,YES
Streptococcus pneumoniae,2020,0,327,76.4,428,YES
Streptococcus pneumoniae,2020,1,101,23.6,428,YES
Streptococcus pneumoniae,2020,2,0,0.0,428,YES
Streptococcus pneumoniae,2020,3,0,0.0,428,YES
Streptococcus pneumoniae,2020,4,0,0.0,428,YES
Streptococcus pneumoniae,2021,0,218,67.08,325,YES
Streptococcus pneumoniae,2021,1,107,32.92,325,YES
Streptococcus pneumoniae,2021,2,0,0.0,325,YES
Streptococcus pneumoniae,2021,3,0,0.0,325,YES
Streptococcus pneumoniae,2021,4,0,0.0,325,YES
Streptococcus pneumoniae,2022,0,227,72.99,311,YES
Streptococcus pneumoniae,2022,1,84,27.01,311,YES
Streptococcus pneumoniae,2022,2,0,0.0,311,YES
Streptococcus pneumoniae,2022,3,0,0.0,311,YES
Streptococcus pneumoniae,2022,4,0,0.0,311,YES
Streptococcus pneumoniae,2023,0,264,72.33,365,YES
Streptococcus pneumoniae,2023,1,101,27.67,365,YES
Streptococcus pneumoniae,2023,2,0,0.0,365,YES
Streptococcus pneumoniae,2023,3,0,0.0,365,YES
Streptococcus pneumoniae,2023,4,0,0.0,365,YES
Streptococcus pneumoniae,2024,0,224,72.73,308,YES
Streptococcus pneumoniae,2024,1,84,27.27,308,YES
Streptococcus pneumoniae,2024,2,0,0.0,308,YES
Streptococcus pneumoniae,2024,3,0,0.0,308,YES
Streptococcus pneumoniae,2024,4,0,0.0,308,YES
Haemophilus influenzae,2004,0,41,100.0,41,YES
Haemophilus influenzae,2004,1,0,0.0,41,YES
Haemophilus influenzae,2004,2,0,0.0,41,YES
Haemophilus influenzae,2004,3,0,0.0,41,YES
Haemophilus influenzae,2004,4,0,0.0,41,YES
Haemophilus influenzae,2005,0,58,95.08,61,YES
Haemophilus influenzae,2005,1,3,4.92,61,YES
Haemophilus influenzae,2005,2,0,0.0,61,YES
Haemophilus influenzae,2005,3,0,0.0,61,YES
Haemophilus influenzae,2005,4,0,0.0,61,YES
Haemophilus influenzae,2006,0,50,98.04,51,YES
Haemophilus influenzae,2006,1,1,1.96,51,YES
Haemophilus influenzae,2006,2,0,0.0,51,YES
Haemophilus influenzae,2006,3,0,0.0,51,YES
Haemophilus influenzae,2006,4,0,0.0,51,YES
Haemophilus influenzae,2007,0,92,97.87,94,YES
Haemophilus influenzae,2007,1,2,2.13,94,YES
Haemophilus influenzae,2007,2,0,0.0,94,YES
Haemophilus influenzae,2007,3,0,0.0,94,YES
Haemophilus influenzae,2007,4,0,0.0,94,YES
Haemophilus influenzae,2008,0,77,97.47,79,YES
Haemophilus influenzae,2008,1,2,2.53,79,YES
Haemophilus influenzae,2008,2,0,0.0,79,YES
Haemophilus influenzae,2008,3,0,0.0,79,YES
Haemophilus influenzae,2008,4,0,0.0,79,YES
Haemophilus influenzae,2009,0,90,98.9,91,YES
Haemophilus influenzae,2009,1,1,1.1,91,YES
Haemophilus influenzae,2009,2,0,0.0,91,YES
Haemophilus influenzae,2009,3,0,0.0,91,YES
Haemophilus influenzae,2009,4,0,0.0,91,YES
Haemophilus influenzae,2010,0,69,100.0,69,YES
Haemophilus influenzae,2010,1,0,0.0,69,YES
Haemophilus influenzae,2010,2,0,0.0,69,YES
Haemophilus influenzae,2010,3,0,0.0,69,YES
Haemophilus influenzae,2010,4,0,0.0,69,YES
Haemophilus influenzae,2011,0,63,100.0,63,YES
Haemophilus influenzae,2011,1,0,0.0,63,YES
Haemophilus influenzae,2011,2,0,0.0,63,YES
Haemophilus influenzae,2011,3,0,0.0,63,YES
Haemophilus influenzae,2011,4,0,0.0,63,YES
Haemophilus influenzae,2012,0,43,100.0,43,YES
Haemophilus influenzae,2012,1,0,0.0,43,YES
Haemophilus influenzae,2012,2,0,0.0,43,YES
Haemophilus influenzae,2012,3,0,0.0,43,YES
Haemophilus influenzae,2012,4,0,0.0,43,YES
Haemophilus influenzae,2013,0,81,100.0,81,YES
Haemophilus influenzae,2013,1,0,0.0,81,YES
Haemophilus influenzae,2013,2,0,0.0,81,YES
Haemophilus influenzae,2013,3,0,0.0,81,YES
Haemophilus influenzae,2013,4,0,0.0,81,YES
Haemophilus influenzae,2014,0,68,100.0,68,YES
Haemophilus influenzae,2014,1,0,0.0,68,YES
Haemophilus influenzae,2014,2,0,0.0,68,YES
Haemophilus influenzae,2014,3,0,0.0,68,YES
Haemophilus influenzae,2014,4,0,0.0,68,YES
Haemophilus influenzae,2015,0,74,100.0,74,YES
Haemophilus influenzae,2015,1,0,0.0,74,YES
Haemophilus influenzae,2015,2,0,0.0,74,YES
Haemophilus influenzae,2015,3,0,0.0,74,YES
Haemophilus influenzae,2015,4,0,0.0,74,YES
Haemophilus influenzae,2016,0,81,98.78,82,YES
Haemophilus influenzae,2016,1,1,1.22,82,YES
Haemophilus influenzae,2016,2,0,0.0,82,YES
Haemophilus influenzae,2016,3,0,0.0,82,YES
Haemophilus influenzae,2016,4,0,0.0,82,YES
Haemophilus influenzae,2017,0,55,100.0,55,YES
Haemophilus influenzae,2017,1,0,0.0,55,YES
Haemophilus influenzae,2017,2,0,0.0,55,YES
Haemophilus influenzae,2017,3,0,0.0,55,YES
Haemophilus influenzae,2017,4,0,0.0,55,YES
Haemophilus influenzae,2018,0,70,100.0,70,YES
Haemophilus influenzae,2018,1,0,0.0,70,YES
Haemophilus influenzae,2018,2,0,0.0,70,YES
Haemophilus influenzae,2018,3,0,0.0,70,YES
Haemophilus influenzae,2018,4,0,0.0,70,YES
Haemophilus influenzae,2019,0,68,100.0,68,YES
Haemophilus influenzae,2019,1,0,0.0,68,YES
Haemophilus influenzae,2019,2,0,0.0,68,YES
Haemophilus influenzae,2019,3,0,0.0,68,YES
Haemophilus influenzae,2019,4,0,0.0,68,YES
Haemophilus influenzae,2020,0,57,100.0,57,YES
Haemophilus influenzae,2020,1,0,0.0,57,YES
Haemophilus influenzae,2020,2,0,0.0,57,YES
Haemophilus influenzae,2020,3,0,0.0,57,YES
Haemophilus influenzae,2020,4,0,0.0,57,YES
Haemophilus influenzae,2021,0,29,100.0,29,YES
Haemophilus influenzae,2021,1,0,0.0,29,YES
Haemophilus influenzae,2021,2,0,0.0,29,YES
Haemophilus influenzae,2021,3,0,0.0,29,YES
Haemophilus influenzae,2021,4,0,0.0,29,YES
Haemophilus influenzae,2022,0,17,100.0,17,YES
Haemophilus influenzae,2022,1,0,0.0,17,YES
Haemophilus influenzae,2022,2,0,0.0,17,YES
Haemophilus influenzae,2022,3,0,0.0,17,YES
Haemophilus influenzae,2022,4,0,0.0,17,YES
Haemophilus influenzae,2023,0,56,100.0,56,YES
Haemophilus influenzae,2023,1,0,0.0,56,YES
Haemophilus influenzae,2023,2,0,0.0,56,YES
Haemophilus influenzae,2023,3,0,0.0,56,YES
Haemophilus influenzae,2023,4,0,0.0,56,YES
Haemophilus influenzae,2024,0,63,100.0,63,YES
Haemophilus influenzae,2024,1,0,0.0,63,YES
Haemophilus influenzae,2024,2,0,0.0,63,YES
Haemophilus influenzae,2024,3,0,0.0,63,YES
Haemophilus influenzae,2024,4,0,0.0,63,YES
Salmonella spp,2018,0,1,100.0,1,NO
Salmonella spp,2018,1,0,0.0,1,NO
Salmonella spp,2018,2,0,0.0,1,NO
Salmonella spp,2018,3,0,0.0,1,NO
Salmonella spp,2018,4,0,0.0,1,NO
Salmonella spp,2019,0,3,100.0,3,NO
Salmonella spp,2019,1,0,0.0,3,NO
Salmonella spp,2019,2,0,0.0,3,NO
Salmonella spp,2019,3,0,0.0,3,NO
Salmonella spp,2019,4,0,0.0,3,NO
Salmonella spp,2022,0,2,100.0,2,NO
Salmonella spp,2022,1,0,0.0,2,NO
Salmonella spp,2022,2,0,0.0,2,NO
Salmonella spp,2022,3,0,0.0,2,NO
Salmonella spp,2022,4,0,0.0,2,NO
Salmonella spp,2024,0,2,100.0,2,NO
Salmonella spp,2024,1,0,0.0,2,NO
Salmonella spp,2024,2,0,0.0,2,NO
Salmonella spp,2024,3,0,0.0,2,NO
Salmonella spp,2024,4,0,0.0,2,NO
